discord channel,solvency category,address,name,symbol,decimals,chainId,extensions/superTokenInfo/type,extensions/superTokenInfo/underlyingTokenAddress,extensions/bridgeInfo/1/tokenAddress,extensions/bridgeInfo/10/tokenAddress,extensions/bridgeInfo/100/tokenAddress,extensions/bridgeInfo/137/tokenAddress,extensions/bridgeInfo/42161/tokenAddress,logoURI,tags/0,extensions/bridgeInfo/56/tokenAddress,extensions/bridgeInfo/43113/tokenAddress,extensions/bridgeInfo/5/tokenAddress,extensions/bridgeInfo/69/tokenAddress,extensions/bridgeInfo/80001/tokenAddress,extensions/bridgeInfo/421611/tokenAddress,tags/1,extensions/bridgeInfo/43114/tokenAddress
,A,0x288398f314d472b82c44855f3f6ff20b633c2a97,Super USD Coin,USDCx,18,43114,Wrapper,0xb97ef9ef8734c71904d8002f8b6bc66dd9c48a6e,0x1ba8603da702602a8657980e825a6daa03dee93a,0x8430f084b939208e2eded1584889c9a66b90562f,0x1234756ccf0660e866305289267211823ae86eec,0xcaa7349cea390f89641fe306d93591f87595dc1f,0x1dbc1809486460dcd189b8a15990bca3272ee04e,https://raw.githubusercontent.com/superfluid-finance/assets/master/public/tokens/usdc/icon.svg,supertoken,,,,,,,,
,A,0xb97ef9ef8734c71904d8002f8b6bc66dd9c48a6e,USD Coin,USDC,6,43114,,,,,,,,https://raw.githubusercontent.com/superfluid-finance/assets/master/public/tokens/usdc/icon.svg,underlying,,,,,,,,
,A,0x7cd00c2b9a78f270b897457ab070274e4a17de83,Super Dai Stablecoin,DAI.ex,18,43114,Wrapper,0xd586e7f844cea2f87f50152665bcbc2c279d8d70,,,,,,https://raw.githubusercontent.com/superfluid-finance/assets/master/public/tokens/dai/icon.svg,supertoken,,,,,,,,
,A,0xd586e7f844cea2f87f50152665bcbc2c279d8d70,Dai Stablecoin,DAI.e,18,43114,,,,,,,,https://raw.githubusercontent.com/superfluid-finance/assets/master/public/tokens/dai/icon.svg,underlying,,,,,,,,
,A,0xbe916845d8678b5d2f7ad79525a62d7c08abba7e,Super AVAX,AVAXx,18,43114,Native Asset,,,,,,,https://raw.githubusercontent.com/superfluid-finance/assets/master/public/tokens/avax/icon.svg,supertoken,,0xffd0f6d73ee52c68bf1b01c8afa2529c97ca17f3,,,,,,
,A,0xdf37ee57b2efd215a6a8329d6b8b72064f09bbd0,Super TetherToken,USDtx,18,43114,Wrapper,0x9702230a8ea53601f5cd2dc00fdbc13d4df4a8c7,,,,,,https://raw.githubusercontent.com/superfluid-finance/assets/master/public/tokens/usdt/icon.png,supertoken,,,,,,,,
,A,0x9702230a8ea53601f5cd2dc00fdbc13d4df4a8c7,TetherToken,USDt,6,43114,,,,,,,,https://raw.githubusercontent.com/superfluid-finance/assets/master/public/tokens/usdt/icon.png,underlying,,,,,,,,
,A,0x1dbc1809486460dcd189b8a15990bca3272ee04e,Super USD Coin (Arb1),USDCx,18,42161,Wrapper,0xff970a61a04b1ca14834a43f5de4533ebddb5cc8,0x1ba8603da702602a8657980e825a6daa03dee93a,0x8430f084b939208e2eded1584889c9a66b90562f,0x1234756ccf0660e866305289267211823ae86eec,0xcaa7349cea390f89641fe306d93591f87595dc1f,,https://raw.githubusercontent.com/superfluid-finance/assets/master/public/tokens/usdc/icon.svg,supertoken,,,,,,,,0x288398f314d472b82c44855f3f6ff20b633c2a97
,A,0xff970a61a04b1ca14834a43f5de4533ebddb5cc8,USD Coin (Arb1),USDC,6,42161,,,,,,,,https://raw.githubusercontent.com/superfluid-finance/assets/master/public/tokens/usdc/icon.svg,underlying,,,,,,,,
,A,0x521677a61d101a80ce0fb903b13cb485232774ee,Super Dai Stablecoin,DAIx,18,42161,Wrapper,0xda10009cbd5d07dd0cecc66161fc93d7c9000da1,0x4f228bf911ed67730e4b51b1f82ac291b49053ee,0x7d342726b69c28d942ad8bfe6ac81b972349d524,,0x1305f6b6df9dc47159d12eb7ac2804d4a33173c2,,https://raw.githubusercontent.com/superfluid-finance/assets/master/public/tokens/dai/icon.svg,supertoken,,,,,,,,
,A,0xda10009cbd5d07dd0cecc66161fc93d7c9000da1,Dai Stablecoin,DAI,18,42161,,,,,,,,https://raw.githubusercontent.com/superfluid-finance/assets/master/public/tokens/dai/icon.svg,underlying,,,,,,,,
,A,0xe6c8d111337d0052b9d88bf5d7d55b7f8385acd3,Super ETH,ETHx,18,42161,Native Asset,,0xc22bea0be9872d8b7b3933cec70ece4d53a900da,0x4ac8bd1bdae47beef2d1c6aa62229509b962aa0d,0x9757d68a4273635c69d93b84ee3cdac2304dd467,0x27e1e4e6bc79d93032abef01025811b7e4727e85,,https://raw.githubusercontent.com/superfluid-finance/assets/master/public/tokens/eth/icon.svg,supertoken,,,0x5943f705abb6834cad767e6e4bb258bc48d9c947,0xe01f8743677da897f4e7de9073b57bf034fc2433,,0xe01f8743677da897f4e7de9073b57bf034fc2433,,
,A,0x529a4116f160c833c61311569d6b33dff41fd657,Super BNB,BNBx,18,56,Native Asset,,,,,,,https://raw.githubusercontent.com/superfluid-finance/assets/master/public/tokens/bnb/icon.svg,supertoken,,,,,,,,
,A,0x671425ae1f272bc6f79bec3ed5c4b00e9c628240,Super CELO,CELOx,18,42220,Native Asset,,,,,,,https://raw.githubusercontent.com/superfluid-finance/assets/master/public/tokens/celo/icon.svg,supertoken,,,,,,,,
,A,0x3acb9a08697b6db4cd977e8ab42b6f24722e6d6e,Super Celo Dollar,cUSDx,18,42220,Wrapper,0x765de816845861e75a25fca122bb6898b8b1282a,,,,,,https://raw.githubusercontent.com/superfluid-finance/assets/master/public/tokens/cusd/icon.svg,supertoken,,,,,,,,
,A,0x765de816845861e75a25fca122bb6898b8b1282a,Celo Dollar,cUSD,18,42220,,,,,,,,https://raw.githubusercontent.com/superfluid-finance/assets/master/public/tokens/cusd/icon.svg,underlying,,,,,,,,
,A,0x7a5f9c3e43aadc62647ab5d41802db33dc7d8c4b,Super Celo Brazilian Real,cREALx,18,42220,Wrapper,0xe8537a3d056da446677b9e9d6c5db704eaab4787,,,,,,https://raw.githubusercontent.com/superfluid-finance/assets/master/public/tokens/creal/icon.svg,supertoken,,,,,,,,
,A,0xe8537a3d056da446677b9e9d6c5db704eaab4787,Celo Brazilian Real,cREAL,18,42220,,,,,,,,https://raw.githubusercontent.com/superfluid-finance/assets/master/public/tokens/creal/icon.svg,underlying,,,,,,,,
,A,0xd9f9a02e49225c7ab5b40fce8d44d256b0e984fb,Super Celo Euro,cEURx,18,42220,Wrapper,0xd8763cba276a3738e6de85b4b3bf5fded6d6ca73,,,,,,https://raw.githubusercontent.com/superfluid-finance/assets/master/public/tokens/ceur/icon.svg,supertoken,,,,,,,,
,A,0xd8763cba276a3738e6de85b4b3bf5fded6d6ca73,Celo Euro,cEUR,18,42220,,,,,,,,https://raw.githubusercontent.com/superfluid-finance/assets/master/public/tokens/ceur/icon.svg,underlying,,,,,,,,
,A,0x1234756ccf0660e866305289267211823ae86eec,Super USD//C on xDai,USDCx,18,100,Wrapper,0xddafbb505ad214d7b80b1f830fccc89b60fb7a83,0x1ba8603da702602a8657980e825a6daa03dee93a,0x8430f084b939208e2eded1584889c9a66b90562f,,0xcaa7349cea390f89641fe306d93591f87595dc1f,0x1dbc1809486460dcd189b8a15990bca3272ee04e,https://raw.githubusercontent.com/superfluid-finance/assets/master/public/tokens/usdc/icon.svg,supertoken,,,,,,,,0x288398f314d472b82c44855f3f6ff20b633c2a97
,A,0xddafbb505ad214d7b80b1f830fccc89b60fb7a83,USD//C on xDai,USDC,6,100,,,,,,,,https://raw.githubusercontent.com/superfluid-finance/assets/master/public/tokens/usdc/icon.svg,underlying,,,,,,,,
,A,0x59988e47a3503aafaa0368b9def095c818fdca01,Super xDAI,xDAIx,18,100,Native Asset,0xe91d153e0b41518a2ce8dd3d7944fa863463a97d,,,,,,https://raw.githubusercontent.com/superfluid-finance/assets/master/public/tokens/xdai/icon.svg,supertoken,,,,,,,,
,A,0xe91d153e0b41518a2ce8dd3d7944fa863463a97d,Wrapped XDAI,WXDAI,18,100,,,,,,,,https://raw.githubusercontent.com/superfluid-finance/assets/master/public/tokens/xdai/icon.svg,underlying,,,,,,,,
,A,0x9757d68a4273635c69d93b84ee3cdac2304dd467,Super ETH,ETHx,18,100,Wrapper,0x6a023ccd1ff6f2045c3309768ead9e68f978f6e1,0xc22bea0be9872d8b7b3933cec70ece4d53a900da,0x4ac8bd1bdae47beef2d1c6aa62229509b962aa0d,,0x27e1e4e6bc79d93032abef01025811b7e4727e85,0xe6c8d111337d0052b9d88bf5d7d55b7f8385acd3,https://raw.githubusercontent.com/superfluid-finance/assets/master/public/tokens/eth/icon.svg,supertoken,,,0x5943f705abb6834cad767e6e4bb258bc48d9c947,0xe01f8743677da897f4e7de9073b57bf034fc2433,,0xe01f8743677da897f4e7de9073b57bf034fc2433,,
,A,0x6a023ccd1ff6f2045c3309768ead9e68f978f6e1,Wrapped Ether on xDai,WETH,18,100,,,,,,,,https://raw.githubusercontent.com/superfluid-finance/assets/master/public/tokens/eth/icon.svg,underlying,,,,,,,,
,A,0x1ba8603da702602a8657980e825a6daa03dee93a,Super USD Coin,USDCx,18,1,Wrapper,0xa0b86991c6218b36c1d19d4a2e9eb0ce3606eb48,,0x8430f084b939208e2eded1584889c9a66b90562f,0x1234756ccf0660e866305289267211823ae86eec,0xcaa7349cea390f89641fe306d93591f87595dc1f,0x1dbc1809486460dcd189b8a15990bca3272ee04e,https://raw.githubusercontent.com/superfluid-finance/assets/master/public/tokens/usdc/icon.svg,supertoken,,,,,,,,0x288398f314d472b82c44855f3f6ff20b633c2a97
,A,0xa0b86991c6218b36c1d19d4a2e9eb0ce3606eb48,USD Coin,USDC,6,1,,,,,,,,https://raw.githubusercontent.com/superfluid-finance/assets/master/public/tokens/usdc/icon.svg,underlying,,,,,,,,
,A,0x4f228bf911ed67730e4b51b1f82ac291b49053ee,Super Dai Stablecoin,DAIx,18,1,Wrapper,0x6b175474e89094c44da98b954eedeac495271d0f,,0x7d342726b69c28d942ad8bfe6ac81b972349d524,,0x1305f6b6df9dc47159d12eb7ac2804d4a33173c2,0x521677a61d101a80ce0fb903b13cb485232774ee,https://raw.githubusercontent.com/superfluid-finance/assets/master/public/tokens/dai/icon.svg,supertoken,,,,,,,,
,A,0x6b175474e89094c44da98b954eedeac495271d0f,Dai Stablecoin,DAI,18,1,,,,,,,,https://raw.githubusercontent.com/superfluid-finance/assets/master/public/tokens/dai/icon.svg,underlying,,,,,,,,
,A,0xc22bea0be9872d8b7b3933cec70ece4d53a900da,Super ETH,ETHx,18,1,Native Asset,,,0x4ac8bd1bdae47beef2d1c6aa62229509b962aa0d,0x9757d68a4273635c69d93b84ee3cdac2304dd467,0x27e1e4e6bc79d93032abef01025811b7e4727e85,0xe6c8d111337d0052b9d88bf5d7d55b7f8385acd3,https://raw.githubusercontent.com/superfluid-finance/assets/master/public/tokens/eth/icon.svg,supertoken,,,0x5943f705abb6834cad767e6e4bb258bc48d9c947,0xe01f8743677da897f4e7de9073b57bf034fc2433,,0xe01f8743677da897f4e7de9073b57bf034fc2433,,
,A,0x4ac8bd1bdae47beef2d1c6aa62229509b962aa0d,Super ETH,ETHx,18,10,Native Asset,,0xc22bea0be9872d8b7b3933cec70ece4d53a900da,,0x9757d68a4273635c69d93b84ee3cdac2304dd467,0x27e1e4e6bc79d93032abef01025811b7e4727e85,0xe6c8d111337d0052b9d88bf5d7d55b7f8385acd3,https://raw.githubusercontent.com/superfluid-finance/assets/master/public/tokens/eth/icon.svg,supertoken,,,0x5943f705abb6834cad767e6e4bb258bc48d9c947,0xe01f8743677da897f4e7de9073b57bf034fc2433,,0xe01f8743677da897f4e7de9073b57bf034fc2433,,
,A,0x7d342726b69c28d942ad8bfe6ac81b972349d524,Super Dai Stablecoin,DAIx,18,10,Wrapper,0xda10009cbd5d07dd0cecc66161fc93d7c9000da1,0x4f228bf911ed67730e4b51b1f82ac291b49053ee,,,0x1305f6b6df9dc47159d12eb7ac2804d4a33173c2,0x521677a61d101a80ce0fb903b13cb485232774ee,https://raw.githubusercontent.com/superfluid-finance/assets/master/public/tokens/dai/icon.svg,supertoken,,,,,,,,
,A,0xda10009cbd5d07dd0cecc66161fc93d7c9000da1,Dai Stablecoin,DAI,18,10,,,,,,,,https://raw.githubusercontent.com/superfluid-finance/assets/master/public/tokens/dai/icon.svg,underlying,,,,,,,,
,A,0x8430f084b939208e2eded1584889c9a66b90562f,Super USD Coin,USDCx,18,10,Wrapper,0x7f5c764cbc14f9669b88837ca1490cca17c31607,0x1ba8603da702602a8657980e825a6daa03dee93a,,0x1234756ccf0660e866305289267211823ae86eec,0xcaa7349cea390f89641fe306d93591f87595dc1f,0x1dbc1809486460dcd189b8a15990bca3272ee04e,https://raw.githubusercontent.com/superfluid-finance/assets/master/public/tokens/usdc/icon.svg,supertoken,,,,,,,,0x288398f314d472b82c44855f3f6ff20b633c2a97
,A,0x7f5c764cbc14f9669b88837ca1490cca17c31607,USD Coin,USDC,6,10,,,,,,,,https://raw.githubusercontent.com/superfluid-finance/assets/master/public/tokens/usdc/icon.svg,underlying,,,,,,,,
,A,0x9638ec1d29dfa9835fdb7fa74b5b77b14d6ac77e,Super Wrapped BTC,WBTCx,18,10,Wrapper,0x68f180fcce6836688e9084f035309e29bf0a2095,,,,0x4086ebf75233e8492f1bcda41c7f2a8288c2fb92,,https://raw.githubusercontent.com/superfluid-finance/assets/master/public/tokens/wbtc/icon.svg,supertoken,,,,,,,,
,A,0x68f180fcce6836688e9084f035309e29bf0a2095,Wrapped BTC,WBTC,8,10,,,,,,,,https://raw.githubusercontent.com/superfluid-finance/assets/master/public/tokens/wbtc/icon.svg,underlying,,,,,,,,
,A,0x00fa3405a6bbd94549f3b4855a9736766c4f237e,Super USDT,USDTx,18,137,Wrapper,0xc2132d05d31c914a87c6611c10748aeb04b58e8f,,,,,,https://raw.githubusercontent.com/superfluid-finance/assets/master/public/tokens/usdt/icon.png,supertoken,,,,,,,,
,A,0xc2132d05d31c914a87c6611c10748aeb04b58e8f,(PoS) Tether USD,USDT,6,137,,,,,,,,https://raw.githubusercontent.com/superfluid-finance/assets/master/public/tokens/usdt/icon.png,underlying,,,,,,,,
,A,0x1305f6b6df9dc47159d12eb7ac2804d4a33173c2,Super DAI (PoS),DAIx,18,137,Wrapper,0x8f3cf7ad23cd3cadbd9735aff958023239c6a063,0x4f228bf911ed67730e4b51b1f82ac291b49053ee,0x7d342726b69c28d942ad8bfe6ac81b972349d524,,,0x521677a61d101a80ce0fb903b13cb485232774ee,https://raw.githubusercontent.com/superfluid-finance/assets/master/public/tokens/dai/icon.svg,supertoken,,,,,,,,
,A,0x8f3cf7ad23cd3cadbd9735aff958023239c6a063,(PoS) Dai Stablecoin,DAI,18,137,,,,,,,,https://raw.githubusercontent.com/superfluid-finance/assets/master/public/tokens/dai/icon.svg,underlying,,,,,,,,
,A,0x27e1e4e6bc79d93032abef01025811b7e4727e85,Super WETH (PoS),ETHx,18,137,Wrapper,0x7ceb23fd6bc0add59e62ac25578270cff1b9f619,0xc22bea0be9872d8b7b3933cec70ece4d53a900da,0x4ac8bd1bdae47beef2d1c6aa62229509b962aa0d,0x9757d68a4273635c69d93b84ee3cdac2304dd467,,0xe6c8d111337d0052b9d88bf5d7d55b7f8385acd3,https://raw.githubusercontent.com/superfluid-finance/assets/master/public/tokens/eth/icon.svg,supertoken,,,0x5943f705abb6834cad767e6e4bb258bc48d9c947,0xe01f8743677da897f4e7de9073b57bf034fc2433,,0xe01f8743677da897f4e7de9073b57bf034fc2433,,
,A,0x7ceb23fd6bc0add59e62ac25578270cff1b9f619,Wrapped Ether,WETH,18,137,,,,,,,,https://raw.githubusercontent.com/superfluid-finance/assets/master/public/tokens/eth/icon.svg,underlying,,,,,,,,
,A,0x3ad736904e9e65189c3000c7dd2c8ac8bb7cd4e3,Super MATIC,MATICx,18,137,Native Asset,0x0d500b1d8e8ef31e21c99d1db9a6444d3adf1270,,,,,,https://raw.githubusercontent.com/superfluid-finance/assets/master/public/tokens/matic/icon.svg,supertoken,,,,,0x96b82b65acf7072efeb00502f45757f254c2a0d4,,,
,A,0x0d500b1d8e8ef31e21c99d1db9a6444d3adf1270,Wrapped Matic,WMATIC,18,137,,,,,,,,https://raw.githubusercontent.com/superfluid-finance/assets/master/public/tokens/matic/icon.svg,underlying,,,,,,,,
,A,0x4086ebf75233e8492f1bcda41c7f2a8288c2fb92,Super WBTC (PoS),WBTCx,18,137,Wrapper,0x1bfd67037b42cf73acf2047067bd4f2c47d9bfd6,,0x9638ec1d29dfa9835fdb7fa74b5b77b14d6ac77e,,,,https://raw.githubusercontent.com/superfluid-finance/assets/master/public/tokens/wbtc/icon.svg,supertoken,,,,,,,,
,A,0x1bfd67037b42cf73acf2047067bd4f2c47d9bfd6,(PoS) Wrapped BTC,WBTC,8,137,,,,,,,,https://raw.githubusercontent.com/superfluid-finance/assets/master/public/tokens/wbtc/icon.svg,underlying,,,,,,,,
,A,0xcaa7349cea390f89641fe306d93591f87595dc1f,Super USDC (PoS),USDCx,18,137,Wrapper,0x2791bca1f2de4661ed88a30c99a7a9449aa84174,0x1ba8603da702602a8657980e825a6daa03dee93a,0x8430f084b939208e2eded1584889c9a66b90562f,0x1234756ccf0660e866305289267211823ae86eec,,0x1dbc1809486460dcd189b8a15990bca3272ee04e,https://raw.githubusercontent.com/superfluid-finance/assets/master/public/tokens/usdc/icon.svg,supertoken,,,,,,,,0x288398f314d472b82c44855f3f6ff20b633c2a97
,A,0x2791bca1f2de4661ed88a30c99a7a9449aa84174,USD Coin (PoS),USDC,6,137,,,,,,,,https://raw.githubusercontent.com/superfluid-finance/assets/master/public/tokens/usdc/icon.svg,underlying,,,,,,,,
,A,0xe04ad5d86c40d53a12357e1ba2a9484f60db0da5,Super Wrapped Matic,WMATICx,18,137,Wrapper,0x0d500b1d8e8ef31e21c99d1db9a6444d3adf1270,,,,,,https://raw.githubusercontent.com/superfluid-finance/assets/master/public/tokens/matic/icon.svg,supertoken,,,,,,,,
,A,0x0d500b1d8e8ef31e21c99d1db9a6444d3adf1270,Wrapped Matic,WMATIC,18,137,,,,,,,,https://raw.githubusercontent.com/superfluid-finance/assets/master/public/tokens/matic/icon.svg,underlying,,,,,,,,
,B,0x6af916e2001bc4935e6d2f256363ed54eb8e20e0,Super EUROe Stablecoin,EUROex,18,43114,Wrapper,0x820802fa8a99901f52e39acd21177b0be6ee2974,,,,0x5e31d5bdd6c87edff8659d9ead9ce0013fb47184,0x95f1ee4cb6dc16136a79d367a010add361e5192c,https://raw.githubusercontent.com/superfluid-finance/assets/master/public/tokens/euroe/icon.svg,supertoken,,,,,,,,
,B,0x820802fa8a99901f52e39acd21177b0be6ee2974,EUROe Stablecoin,EUROe,6,43114,,,,,,,,https://raw.githubusercontent.com/superfluid-finance/assets/master/public/tokens/euroe/icon.svg,underlying,,,,,,,,
,B,0xbd80cfa9d93a87d1bb895f810ea348e496611cd4,Own a fraction,FRACTION,18,43114,Pure,,,0xbd80cfa9d93a87d1bb895f810ea348e496611cd4,0x2bf2ba13735160624a0feae98f6ac8f70885ea61,0xbd80cfa9d93a87d1bb895f810ea348e496611cd4,0x2bf2ba13735160624a0feae98f6ac8f70885ea61,https://raw.githubusercontent.com/superfluid-finance/assets/master/public/tokens/fraction/icon.svg,supertoken,0xbd80cfa9d93a87d1bb895f810ea348e496611cd4,,,,,,,
,B,0x2bf2ba13735160624a0feae98f6ac8f70885ea61,Own a fraction,FRACTION,18,42161,Pure,,,0xbd80cfa9d93a87d1bb895f810ea348e496611cd4,0x2bf2ba13735160624a0feae98f6ac8f70885ea61,0xbd80cfa9d93a87d1bb895f810ea348e496611cd4,,https://raw.githubusercontent.com/superfluid-finance/assets/master/public/tokens/fraction/icon.svg,supertoken,0xbd80cfa9d93a87d1bb895f810ea348e496611cd4,,,,,,,0xbd80cfa9d93a87d1bb895f810ea348e496611cd4
,B,0x95f1ee4cb6dc16136a79d367a010add361e5192c,Super EUROe Stablecoin,EUROex,18,42161,Wrapper,0xcf985aba4647a432e60efceeb8054bbd64244305,,,,0x5e31d5bdd6c87edff8659d9ead9ce0013fb47184,,https://raw.githubusercontent.com/superfluid-finance/assets/master/public/tokens/euroe/icon.svg,supertoken,,,,,,,,0x6af916e2001bc4935e6d2f256363ed54eb8e20e0
,B,0xcf985aba4647a432e60efceeb8054bbd64244305,EUROe Stablecoin,EUROe,6,42161,,,,,,,,https://raw.githubusercontent.com/superfluid-finance/assets/master/public/tokens/euroe/icon.svg,underlying,,,,,,,,
,B,0xefa54be8d63fd0d95edd7965d0bd7477c33995a8,Super Rocket Pool Protocol,RPLx,18,42161,Wrapper,0xb766039cc6db368759c1e56b79affe831d0cc507,,,,,,https://raw.githubusercontent.com/superfluid-finance/assets/master/public/tokens/rpl/icon.png,supertoken,,,,,,,,
,B,0xb766039cc6db368759c1e56b79affe831d0cc507,Rocket Pool Protocol,RPL,18,42161,,,,,,,,https://raw.githubusercontent.com/superfluid-finance/assets/master/public/tokens/rpl/icon.png,underlying,,,,,,,,
,B,0x744786ab00ed5a0b77ca754eb6f3ec0607c7fa79,Super Hey Reborn,RBx,18,56,Wrapper,0x441bb79f2da0daf457bad3d401edb68535fb3faa,,,,,,https://raw.githubusercontent.com/superfluid-finance/assets/master/public/tokens/rb/icon.png,supertoken,,,,,,,,
,B,0x441bb79f2da0daf457bad3d401edb68535fb3faa,Hey Reborn,RB,18,56,,,,,,,,https://raw.githubusercontent.com/superfluid-finance/assets/master/public/tokens/rb/icon.png,underlying,,,,,,,,
,B,0xbd80cfa9d93a87d1bb895f810ea348e496611cd4,Own a fraction,FRACTION,18,56,Pure,,,0xbd80cfa9d93a87d1bb895f810ea348e496611cd4,0x2bf2ba13735160624a0feae98f6ac8f70885ea61,0xbd80cfa9d93a87d1bb895f810ea348e496611cd4,0x2bf2ba13735160624a0feae98f6ac8f70885ea61,https://raw.githubusercontent.com/superfluid-finance/assets/master/public/tokens/fraction/icon.svg,supertoken,,,,,,,,0xbd80cfa9d93a87d1bb895f810ea348e496611cd4
,B,0x62b8b11039fcfe5ab0c56e502b1c372a3d2a9c7a,GoodDollar,G$,18,42220,Pure,,,,,,,https://raw.githubusercontent.com/superfluid-finance/assets/master/public/tokens/g$/icon.png,supertoken,,,,,,,,
,B,0x2bf2ba13735160624a0feae98f6ac8f70885ea61,Own a fraction,FRACTION,18,100,Pure,,,0xbd80cfa9d93a87d1bb895f810ea348e496611cd4,,0xbd80cfa9d93a87d1bb895f810ea348e496611cd4,0x2bf2ba13735160624a0feae98f6ac8f70885ea61,https://raw.githubusercontent.com/superfluid-finance/assets/master/public/tokens/fraction/icon.svg,supertoken,0xbd80cfa9d93a87d1bb895f810ea348e496611cd4,,,,,,,0xbd80cfa9d93a87d1bb895f810ea348e496611cd4
,B,0x63e62989d9eb2d37dfdb1f93a22f063635b07d51,Minerva Wallet SuperToken,MIVA,18,100,Pure,,,,,0xc0b2983a17573660053beeed6fdb1053107cf387,,https://raw.githubusercontent.com/superfluid-finance/assets/master/public/tokens/miva/icon.svg,supertoken,,,,,,,,
,B,0xac945dc430cef2bb8fb78b3cb5fbc936dd2c8ab6,Super CoW Protocol Token from Mainnet,COWx,18,100,Wrapper,0x177127622c4a00f3d409b75571e12cb3c8973d3c,,,,,,https://raw.githubusercontent.com/superfluid-finance/assets/master/public/tokens/cow/icon.svg,supertoken,,,,,,,,
,B,0x177127622c4a00f3d409b75571e12cb3c8973d3c,CoW Protocol Token from Mainnet,COW,18,100,,,,,,,,https://raw.githubusercontent.com/superfluid-finance/assets/master/public/tokens/cow/icon.svg,underlying,,,,,,,,
,B,0xc0712524b39323eb2437e69226b261d928629dc8,Super Honey,HNYx,18,100,Wrapper,0x71850b7e9ee3f13ab46d67167341e4bdc905eef9,,,,,,https://raw.githubusercontent.com/superfluid-finance/assets/master/public/tokens/hny/icon.png,supertoken,,,,,,,,
,B,0x71850b7e9ee3f13ab46d67167341e4bdc905eef9,Honey,HNY,18,100,,,,,,,,https://raw.githubusercontent.com/superfluid-finance/assets/master/public/tokens/hny/icon.png,underlying,,,,,,,,
,B,0x8f6f22a962899ade3c46627df45d4a05622cebf2,Super Swivel Governance Token,SWIVx,18,1,Wrapper,0xbf30461210b37012783957d90dc26b95ce3b6f2d,,,,,,https://raw.githubusercontent.com/superfluid-finance/assets/master/public/tokens/swiv/icon.svg,supertoken,,,,,,,,
,B,0xbf30461210b37012783957d90dc26b95ce3b6f2d,Swivel Governance Token,SWIV,18,1,,,,,,,,https://raw.githubusercontent.com/superfluid-finance/assets/master/public/tokens/swiv/icon.svg,underlying,,,,,,,,
,B,0xd70408b34ed121722631d647d37c4e6641ec363d,Super Aragon Network Token,ANTx,18,1,Wrapper,0xa117000000f279d81a1d3cc75430faa017fa5a2e,,,,,,https://raw.githubusercontent.com/superfluid-finance/assets/master/public/tokens/ant/icon.svg,supertoken,,,,,,,,
,B,0xa117000000f279d81a1d3cc75430faa017fa5a2e,Aragon Network Token,ANT,18,1,,,,,,,,https://raw.githubusercontent.com/superfluid-finance/assets/master/public/tokens/ant/icon.svg,underlying,,,,,,,,
,B,0x167832baf36d1ac0af9e8d8ad329fa418bed5cd9,ABToken,ABT,18,10,Pure,,,,,,,https://raw.githubusercontent.com/superfluid-finance/assets/master/public/tokens/abt/icon.svg,supertoken,,,,,,,,
,B,0x1828bff08bd244f7990eddcd9b19cc654b33cdb4,Super Optimism,OPx,18,10,Wrapper,0x4200000000000000000000000000000000000042,,,,,,https://raw.githubusercontent.com/superfluid-finance/assets/master/public/tokens/op/icon.svg,supertoken,,,,,,,,
,B,0x4200000000000000000000000000000000000042,Optimism,OP,18,10,,,,,,,,https://raw.githubusercontent.com/superfluid-finance/assets/master/public/tokens/op/icon.svg,underlying,,,,,,,,
,B,0x02ef6868d69707b6093a2962bb5fe5661fcc0deb,Super STASIS EURS,EURSx,18,137,Wrapper,0xe111178a87a3bff0c8d18decba5798827539ae99,,,,,,https://raw.githubusercontent.com/superfluid-finance/assets/master/public/tokens/eurs/icon.png,supertoken,,,,,,,,
,B,0xe111178a87a3bff0c8d18decba5798827539ae99,STASIS EURS Token (PoS),EURS,2,137,,,,,,,,https://raw.githubusercontent.com/superfluid-finance/assets/master/public/tokens/eurs/icon.png,underlying,,,,,,,,
,B,0x094ed09f072596c34c5c0b197dceb0da6b04c580,Super NEAR,NEARx,18,137,Wrapper,0x72bd80445b0db58ebe3e8db056529d4c5faf6f2f,,,,,,https://raw.githubusercontent.com/superfluid-finance/assets/master/public/tokens/near/icon.png,supertoken,,,,,,,,
,B,0x72bd80445b0db58ebe3e8db056529d4c5faf6f2f,NEAR,NEAR,18,137,,,,,,,,https://raw.githubusercontent.com/superfluid-finance/assets/master/public/tokens/near/icon.png,underlying,,,,,,,,
,B,0x12c294107772b10815307c05989dabd71c21670e,Stake DAO Token (PoS),SDTx,18,137,Wrapper,0x361a5a4993493ce00f61c32d4ecca5512b82ce90,,,,,,https://raw.githubusercontent.com/superfluid-finance/assets/master/public/tokens/sdt/icon.jpg,supertoken,,,,,,,,
,B,0x361a5a4993493ce00f61c32d4ecca5512b82ce90,Stake DAO Token (PoS),SDT,18,137,,,,,,,,https://raw.githubusercontent.com/superfluid-finance/assets/master/public/tokens/sdt/icon.jpg,underlying,,,,,,,,
,B,0x1adca32b906883e474aebcba5708b41f3645f941,SuperMOCA,MOCAx,18,137,Wrapper,0xce899f26928a2b21c6a2fddd393ef37c61dba918,,,,,,https://raw.githubusercontent.com/superfluid-finance/assets/master/public/tokens/moca/icon.jpeg,supertoken,,,,,,,,
,B,0xce899f26928a2b21c6a2fddd393ef37c61dba918,Museum of Crypto Art,MOCA,18,137,,,,,,,,https://raw.githubusercontent.com/superfluid-finance/assets/master/public/tokens/moca/icon.jpeg,underlying,,,,,,,,
,B,0x229c5d13452dc302499b5c113768a0db0c9d5c05,Super BlackPool Token (PoS),BPTx,18,137,Wrapper,0x6863bd30c9e313b264657b107352ba246f8af8e0,,,,,,https://raw.githubusercontent.com/superfluid-finance/assets/master/public/tokens/bpt/icon.svg,supertoken,,,,,,,,
,B,0x6863bd30c9e313b264657b107352ba246f8af8e0,BlackPool Token (PoS),BPT,18,137,,,,,,,,https://raw.githubusercontent.com/superfluid-finance/assets/master/public/tokens/bpt/icon.svg,underlying,,,,,,,,
,B,0x263026e7e53dbfdce5ae55ade22493f828922965,Ricochet,RIC,18,137,Pure,,,,,,,https://raw.githubusercontent.com/superfluid-finance/assets/master/public/tokens/ric/icon.svg,supertoken,,,,,,,,
,B,0x2b47ee85a85b18be029af94df52fcb52c54725f4,superSTAK,STAKx,18,137,Wrapper,0x46a5d492788f8afdfc743ab7d7bd13f996249ed5,,,,,,https://raw.githubusercontent.com/superfluid-finance/assets/master/public/tokens/stak/icon.png,supertoken,,,,,,,,
,B,0x46a5d492788f8afdfc743ab7d7bd13f996249ed5,Jigstack (PoS),STAK,18,137,,,,,,,,https://raw.githubusercontent.com/superfluid-finance/assets/master/public/tokens/stak/icon.png,underlying,,,,,,,,
,B,0x2c530af1f088b836fa0dca23c7ea50e669508c4c,Super MAKER (PoS),MKRx,18,137,Wrapper,0x6f7c932e7684666c9fd1d44527765433e01ff61d,,,,,,https://raw.githubusercontent.com/superfluid-finance/assets/master/public/tokens/mkr/icon.svg,supertoken,,,,,,,,
,B,0x6f7c932e7684666c9fd1d44527765433e01ff61d,MAKER (PoS),MKR,18,137,,,,,,,,https://raw.githubusercontent.com/superfluid-finance/assets/master/public/tokens/mkr/icon.svg,underlying,,,,,,,,
,B,0x2d4dc956fbd0044a4eba945e8bbaf98a14025c2d,Streaming IbAlluo ETH,StIbAlluoEth,18,137,Wrapper,0xc677b0918a96ad258a68785c2a3955428dea7e50,,,,,,https://raw.githubusercontent.com/superfluid-finance/assets/master/public/tokens/iballuoeth/icon.svg,supertoken,,,,,,,,
,B,0xc677b0918a96ad258a68785c2a3955428dea7e50,Interest Bearing Alluo ETH,IbAlluoETH,18,137,,,,,,,,https://raw.githubusercontent.com/superfluid-finance/assets/master/public/tokens/iballuoeth/icon.svg,underlying,,,,,,,,
,B,0x3038b359240dff5ccd42dffd21f12b428034be38,Super agEUR,agEURx,18,137,Wrapper,0xe0b52e49357fd4daf2c15e02058dce6bc0057db4,,,,,,https://raw.githubusercontent.com/superfluid-finance/assets/master/public/tokens/ageur/icon.png,supertoken,,,,,,,,
,B,0xe0b52e49357fd4daf2c15e02058dce6bc0057db4,agEUR,agEUR,18,137,,,,,,,,https://raw.githubusercontent.com/superfluid-finance/assets/master/public/tokens/ageur/icon.png,underlying,,,,,,,,
,B,0x32cefdf2b3df73bdebaa7cd3b0135b3a79d28dcc,Super Request Token,REQx,18,137,Wrapper,0xb25e20de2f2ebb4cffd4d16a55c7b395e8a94762,,,,,,https://raw.githubusercontent.com/superfluid-finance/assets/master/public/tokens/req/icon.svg,supertoken,,,,,,,,
,B,0xb25e20de2f2ebb4cffd4d16a55c7b395e8a94762,Request,REQ,18,137,,,,,,,,https://raw.githubusercontent.com/superfluid-finance/assets/master/public/tokens/req/icon.svg,underlying,,,,,,,,
,B,0x3e70e15c189e1ffe8ff44d713605528dc1701b63,Streaming IbAlluo BTC,StIbAlluoBTC,18,137,Wrapper,0xf272ff86c86529504f0d074b210e95fc4cfcdce2,,,,,,https://raw.githubusercontent.com/superfluid-finance/assets/master/public/tokens/iballuobtc/icon.svg,supertoken,,,,,,,,
,B,0xf272ff86c86529504f0d074b210e95fc4cfcdce2,Interest Bearing Alluo BTC,IbAlluoBTC,18,137,,,,,,,,https://raw.githubusercontent.com/superfluid-finance/assets/master/public/tokens/iballuobtc/icon.svg,underlying,,,,,,,,
,B,0x49765f8fcf0a1cd4f98da906f0974a9085d43e51,Super XSGD,XSGDx,18,137,Wrapper,0xdc3326e71d45186f113a2f448984ca0e8d201995,,,,,,,supertoken,,,,,,,,
,B,0xdc3326e71d45186f113a2f448984ca0e8d201995,XSGD,XSGD,6,137,,,,,,,,,underlying,,,,,,,,
,B,0x4bde23854e7c81218463f6c8f331b46144e98eac,Super jEUR,jEURx,18,137,Wrapper,0x4e3decbb3645551b8a19f0ea1678079fcb33fb4c,,,,,,https://raw.githubusercontent.com/superfluid-finance/assets/master/public/tokens/jeur/icon.svg,supertoken,,,,,,,,
,B,0x4e3decbb3645551b8a19f0ea1678079fcb33fb4c,Jarvis Synthetic Euro,jEUR,18,137,,,,,,,,https://raw.githubusercontent.com/superfluid-finance/assets/master/public/tokens/jeur/icon.svg,underlying,,,,,,,,
,B,0x5d6fdc854b46e8b237bd2ccc2714cfa3d18cf58e,Super Alongside Crypto Market Index,AMKTx,18,137,Wrapper,0xb87904db461005fc716a6bf9f2d451c33b10b80b,,,,,,https://raw.githubusercontent.com/superfluid-finance/assets/master/public/tokens/amkt/icon.png,supertoken,,,,,,,,
,B,0xb87904db461005fc716a6bf9f2d451c33b10b80b,Alongside Crypto Market Index (PoS),AMKT,18,137,,,,,,,,https://raw.githubusercontent.com/superfluid-finance/assets/master/public/tokens/amkt/icon.png,underlying,,,,,,,,
,B,0x5e31d5bdd6c87edff8659d9ead9ce0013fb47184,Super EUROe Stablecoin,EUROex,18,137,Wrapper,0x820802fa8a99901f52e39acd21177b0be6ee2974,,,,,0x95f1ee4cb6dc16136a79d367a010add361e5192c,https://raw.githubusercontent.com/superfluid-finance/assets/master/public/tokens/euroe/icon.svg,supertoken,,,,,,,,0x6af916e2001bc4935e6d2f256363ed54eb8e20e0
,B,0x820802fa8a99901f52e39acd21177b0be6ee2974,EUROe Stablecoin,EUROe,6,137,,,,,,,,https://raw.githubusercontent.com/superfluid-finance/assets/master/public/tokens/euroe/icon.svg,underlying,,,,,,,,
,B,0x6328c1c2e258a314bdac5227e9c7d212312297ad,Super jGBP,jGBPx,18,137,Wrapper,0x767058f11800fba6a682e73a6e79ec5eb74fac8c,,,,,,https://raw.githubusercontent.com/superfluid-finance/assets/master/public/tokens/jgbp/icon.png,supertoken,,,,,,,,
,B,0x767058f11800fba6a682e73a6e79ec5eb74fac8c,Jarvis Synthetic British Pound,jGBP,18,137,,,,,,,,https://raw.githubusercontent.com/superfluid-finance/assets/master/public/tokens/jgbp/icon.png,underlying,,,,,,,,
,B,0x64059efad287b57d8df9c313d56f6c1a5c945b94,Super jMXN,jMXNx,18,137,Wrapper,0xbd1fe73e1f12bd2bc237de9b626f056f21f86427,,,,,,https://raw.githubusercontent.com/superfluid-finance/assets/master/public/tokens/jmxn/icon.svg,supertoken,,,,,,,,
,B,0xbd1fe73e1f12bd2bc237de9b626f056f21f86427,Jarvis Synthetic Mexican Peso,jMXN,18,137,,,,,,,,https://raw.githubusercontent.com/superfluid-finance/assets/master/public/tokens/jmxn/icon.svg,underlying,,,,,,,,
,B,0x673d41ebc2b499d3545e5a0309124cd94eda3fb0,Super Slingshot,SLINGx,18,137,Wrapper,0xfc9fa9771145fbb98d15c8c2cc94b837a56d554c,,,,,,https://raw.githubusercontent.com/superfluid-finance/assets/master/public/tokens/sling/icon.png,supertoken,,,,,,,,
,B,0xfc9fa9771145fbb98d15c8c2cc94b837a56d554c,Slingshot,SLING,18,137,,,,,,,,https://raw.githubusercontent.com/superfluid-finance/assets/master/public/tokens/sling/icon.png,underlying,,,,,,,,
,B,0x72a9bae5ce6de9816aadcbc24daa09f5d169a980,Monerium EUR emoney,EURex,18,137,Wrapper,0x18ec0a6e18e5bc3784fdd3a3634b31245ab704f6,,,,,,https://raw.githubusercontent.com/superfluid-finance/assets/master/public/tokens/eure/icon.svg,supertoken,,,,,0x9b5475182c65b88dbc5f452204d181e1ae919a1d,,,
,B,0x18ec0a6e18e5bc3784fdd3a3634b31245ab704f6,Monerium EUR emoney,EURe,18,137,,,,,,,,https://raw.githubusercontent.com/superfluid-finance/assets/master/public/tokens/eure/icon.svg,underlying,,,,,,,,
,B,0x782b2725593b18c8453568f3ffb2645b6cb5033e,Super jCAD,jCADx,18,137,Wrapper,0x8ca194a3b22077359b5732de53373d4afc11dee3,,,,,,https://raw.githubusercontent.com/superfluid-finance/assets/master/public/tokens/jcad/icon.png,supertoken,,,,,,,,
,B,0x8ca194a3b22077359b5732de53373d4afc11dee3,Jarvis Synthetic Canadian Dollar,jCAD,18,137,,,,,,,,https://raw.githubusercontent.com/superfluid-finance/assets/master/public/tokens/jcad/icon.png,underlying,,,,,,,,
,B,0x7893304db2c9e5dab18fd5b41855ea5a40fb070d,Super jBGN,jBGNx,18,137,Wrapper,0x60e91fc3a60362ca44aea0263dbc4b96302f6ade,,,,,,https://raw.githubusercontent.com/superfluid-finance/assets/master/public/tokens/jbgn/icon.png,supertoken,,,,,,,,
,B,0x60e91fc3a60362ca44aea0263dbc4b96302f6ade,Jarvis Synthetic Bulgarian Lev,jBGN,18,137,,,,,,,,https://raw.githubusercontent.com/superfluid-finance/assets/master/public/tokens/jbgn/icon.png,underlying,,,,,,,,
,B,0x7d35eab5f5fdf6b458b18c29d0d61092835f9e99,Super Signal Token,SIGNALx,18,137,Wrapper,0x9b532ffa57631d77163be75e965e6adfc3b81510,,,,,,,supertoken,,,,,,,,
,B,0x9b532ffa57631d77163be75e965e6adfc3b81510,RADAR,SIGNAL,18,137,,,,,,,,,underlying,,,,,,,,
,B,0x7f078f02a77e91e67ee592faed23d1cfcb390a60,Super Crosschain IOTX,CIOTXx,18,137,Wrapper,0x300211def2a644b036a9bdd3e58159bb2074d388,,,,,,https://raw.githubusercontent.com/superfluid-finance/assets/master/public/tokens/ciotx/icon.svg,supertoken,,,,,,,,
,B,0x300211def2a644b036a9bdd3e58159bb2074d388,Crosschain IOTX,CIOTX,18,137,,,,,,,,https://raw.githubusercontent.com/superfluid-finance/assets/master/public/tokens/ciotx/icon.svg,underlying,,,,,,,,
,B,0x8c9eada20fed455ae2a8f002a76dffe279a9d737,Super jXOF,jXOFx,18,137,Wrapper,0x4a1e068bc23faec08a5817a2a58258e3378d36f0,,,,,,,supertoken,,,,,,,,
,B,0x4a1e068bc23faec08a5817a2a58258e3378d36f0,Jarvis Synthetic Franc CFA (UEMOA),jXOF,18,137,,,,,,,,,underlying,,,,,,,,
,B,0x8ef4f0c0753048a39b4bc4eb3f545fdae00618b7,Super stake dao Curve.fi amDAI/amUSDC/a,sdam3CRVx,18,137,Wrapper,0x7d60f21072b585351dfd5e8b17109458d97ec120,,,,,,https://raw.githubusercontent.com/superfluid-finance/assets/master/public/tokens/sdam3crv/icon.svg,supertoken,,,,,,,,
,B,0x7d60f21072b585351dfd5e8b17109458d97ec120,stake dao Curve.fi amDAI/amUSDC/amUSDT,sdam3CRV,18,137,,,,,,,,https://raw.githubusercontent.com/superfluid-finance/assets/master/public/tokens/sdam3crv/icon.svg,underlying,,,,,,,,
,B,0x9308a7116106269eb11834df494efd00d244cf8e,Astro Gold Lite,ALITE,18,137,Pure,,,,,,,https://raw.githubusercontent.com/superfluid-finance/assets/master/public/tokens/alite/icon.svg,supertoken,,,,,,,,
,B,0x9556b40e816e2890fdaffb2ffd47f6493f240781,Super Kitty Party Reward Token (PoS),KPTx,18,137,Wrapper,0x7d369731e3d7f86417aa86ef4be26e309080bd2f,,,,,,https://raw.githubusercontent.com/superfluid-finance/assets/master/public/tokens/kpt/icon.svg,supertoken,,,,,,,,
,B,0x7d369731e3d7f86417aa86ef4be26e309080bd2f,Kitty Party Reward Token (PoS),KPT,18,137,,,,,,,,https://raw.githubusercontent.com/superfluid-finance/assets/master/public/tokens/kpt/icon.svg,underlying,,,,,,,,
,B,0x96eac3913bab431c28895f02cf5c56ad2dab8439,Super Curve DAO Token,CRVx,18,137,Wrapper,0x172370d5cd63279efa6d502dab29171933a610af,,,,,,https://raw.githubusercontent.com/superfluid-finance/assets/master/public/tokens/crv/icon.png,supertoken,,,,,,,,
,B,0x172370d5cd63279efa6d502dab29171933a610af,CRV (PoS),CRV,18,137,,,,,,,,https://raw.githubusercontent.com/superfluid-finance/assets/master/public/tokens/crv/icon.png,underlying,,,,,,,,
,B,0x992446b88a7e62c7235bd88108f44543c1887c1f,MAI (miMATIC),MAIx,18,137,Wrapper,0xa3fa99a148fa48d14ed51d610c367c61876997f1,,,,,,https://raw.githubusercontent.com/superfluid-finance/assets/master/public/tokens/mimatic/icon.svg,supertoken,,,,,,,,
,B,0xa3fa99a148fa48d14ed51d610c367c61876997f1,miMATIC,miMATIC,18,137,,,,,,,,https://raw.githubusercontent.com/superfluid-finance/assets/master/public/tokens/mimatic/icon.svg,underlying,,,,,,,,
,B,0xa1bd23b582c12c22e5e264a0a69847ca0ed9f2b0,Super ChainLink Token,LINKx,18,137,Wrapper,0x53e0bca35ec356bd5dddfebbd1fc0fd03fabad39,,,,,,https://raw.githubusercontent.com/superfluid-finance/assets/master/public/tokens/link/icon.png,supertoken,,,,,,,,
,B,0x53e0bca35ec356bd5dddfebbd1fc0fd03fabad39,ChainLink Token,LINK,18,137,,,,,,,,https://raw.githubusercontent.com/superfluid-finance/assets/master/public/tokens/link/icon.png,underlying,,,,,,,,
,B,0xab0b048e8b60eb9e8c7a2d46634326143393f2ea,Super mUSD,mUSDx,18,137,Wrapper,0xe840b73e5287865eec17d250bfb1536704b43b21,,,,,,https://raw.githubusercontent.com/superfluid-finance/assets/master/public/tokens/mstable-usd-polygon-pos/icon.png,supertoken,,,,,,,,
,B,0xe840b73e5287865eec17d250bfb1536704b43b21,mUSD,mStableUSD(PolygonP,18,137,,,,,,,,https://raw.githubusercontent.com/superfluid-finance/assets/master/public/tokens/mstable-usd-polygon-pos/icon.png,underlying,,,,,,,,
,B,0xad0ffbb4e45c42a45a6206383ce2adf9102cdcb9,Super jPHP,jPHPx,18,137,Wrapper,0x486880fb16408b47f928f472f57bec55ac6089d1,,,,,,https://raw.githubusercontent.com/superfluid-finance/assets/master/public/tokens/jphp/icon.png,supertoken,,,,,,,,
,B,0x486880fb16408b47f928f472f57bec55ac6089d1,Jarvis Synthetic Philippine Peso,jPHP,18,137,,,,,,,,https://raw.githubusercontent.com/superfluid-finance/assets/master/public/tokens/jphp/icon.png,underlying,,,,,,,,
,B,0xb0512060ee623a656da1f25686743474228ba0e6,Super APWine Token (PoS),APWx,18,137,Wrapper,0x6c0ab120dbd11ba701aff6748568311668f63fe0,,,,,,https://raw.githubusercontent.com/superfluid-finance/assets/master/public/tokens/apw/icon.svg,supertoken,,,,,,,,
,B,0x6c0ab120dbd11ba701aff6748568311668f63fe0,APWine Token (PoS),APW,18,137,,,,,,,,https://raw.githubusercontent.com/superfluid-finance/assets/master/public/tokens/apw/icon.svg,underlying,,,,,,,,
,B,0xb63e38d21b31719e6df314d3d2c351df0d4a9162,Super Idle (PoS),IDLEx,18,137,Wrapper,0xc25351811983818c9fe6d8c580531819c8ade90f,,,,,,https://raw.githubusercontent.com/superfluid-finance/assets/master/public/tokens/idle/icon.png,supertoken,,,,,,,,
,B,0xc25351811983818c9fe6d8c580531819c8ade90f,Idle (PoS),IDLE,18,137,,,,,,,,https://raw.githubusercontent.com/superfluid-finance/assets/master/public/tokens/idle/icon.png,underlying,,,,,,,,
,B,0xb683fb34a77c06931ba62d804252d1f60596a36a,Super Spork,SPORKx,18,137,Wrapper,0x9ca6a77c8b38159fd2da9bd25bc3e259c33f5e39,,,,,,https://raw.githubusercontent.com/superfluid-finance/assets/master/public/tokens/spork/icon.png,supertoken,,,,,,,,
,B,0x9ca6a77c8b38159fd2da9bd25bc3e259c33f5e39,The SporkDAO Token (PoS),SPORK,18,137,,,,,,,,https://raw.githubusercontent.com/superfluid-finance/assets/master/public/tokens/spork/icon.png,underlying,,,,,,,,
,B,0xbd80cfa9d93a87d1bb895f810ea348e496611cd4,Own a fraction,FRACTION,18,137,Pure,,,0xbd80cfa9d93a87d1bb895f810ea348e496611cd4,0x2bf2ba13735160624a0feae98f6ac8f70885ea61,,0x2bf2ba13735160624a0feae98f6ac8f70885ea61,https://raw.githubusercontent.com/superfluid-finance/assets/master/public/tokens/fraction/icon.svg,supertoken,0xbd80cfa9d93a87d1bb895f810ea348e496611cd4,,,,,,,0xbd80cfa9d93a87d1bb895f810ea348e496611cd4
,B,0xc0b2983a17573660053beeed6fdb1053107cf387,Minerva Wallet SuperToken,MIVA,18,137,Pure,,,,0x63e62989d9eb2d37dfdb1f93a22f063635b07d51,,,https://raw.githubusercontent.com/superfluid-finance/assets/master/public/tokens/miva/icon.svg,supertoken,,,,,,,,
,B,0xcae73e9eee8a01b8b7f94b59133e3821f21470ab,Stacker Ventures Token,STACKx,18,137,Wrapper,0xccbe9b810d6574701d324fd6dbe0a1b68f9d5bf7,,,,,,https://raw.githubusercontent.com/superfluid-finance/assets/master/public/tokens/stack/icon.svg,supertoken,,,,,,,,
,B,0xccbe9b810d6574701d324fd6dbe0a1b68f9d5bf7,Stacker Ventures Token (PoS),STACK,18,137,,,,,,,,https://raw.githubusercontent.com/superfluid-finance/assets/master/public/tokens/stack/icon.svg,underlying,,,,,,,,
,B,0xcb5676568febb4e4f0dca9407318836e7a973183,Super Instadapp,INSTx,18,137,Wrapper,0xf50d05a1402d0adafa880d36050736f9f6ee7dee,,,,,,https://raw.githubusercontent.com/superfluid-finance/assets/master/public/tokens/inst/icon.svg,supertoken,,,,,,,,
,B,0xf50d05a1402d0adafa880d36050736f9f6ee7dee,Instadapp (PoS),INST,18,137,,,,,,,,https://raw.githubusercontent.com/superfluid-finance/assets/master/public/tokens/inst/icon.svg,underlying,,,,,,,,
,B,0xcf75b3b2d305690f4d70d8aeaa36e9f7813e806d,Super jXAF,jXAFx,18,137,Wrapper,0x98fab5d1366de24f152ea683a1f23338351c47ea,,,,,,,supertoken,,,,,,,,
,B,0x98fab5d1366de24f152ea683a1f23338351c47ea,Jarvis Synthetic Franc CFA (CEMAC),jXAF,18,137,,,,,,,,,underlying,,,,,,,,
,B,0xd98a3eabb78a759868d5a35677ffa99a78f33ec7,Super Artizen Token,ARTx,18,137,Wrapper,0xd7f3aac7557c213b035c19bd89bd693396acccd6,,,,,,https://raw.githubusercontent.com/superfluid-finance/assets/master/public/tokens/art/icon.svg,supertoken,,,,,,,,
,B,0xd7f3aac7557c213b035c19bd89bd693396acccd6,Artizen Token,ART,18,137,,,,,,,,https://raw.githubusercontent.com/superfluid-finance/assets/master/public/tokens/art/icon.svg,underlying,,,,,,,,
,B,0xe127d2d7b2ce51130429e32d22d908e8d96a3247,Super jSGD,jSGDx,18,137,Wrapper,0xa926db7a4cc0cb1736d5ac60495ca8eb7214b503,,,,,,,supertoken,,,,,,,,
,B,0xa926db7a4cc0cb1736d5ac60495ca8eb7214b503,Jarvis Synthetic Singapore Dollar,jSGD,18,137,,,,,,,,,underlying,,,,,,,,
,B,0xe199f1b01dd3e8a1c43b62279feb20547a2eb3ef,Streaming IbAlluo EUR,StIbAlluoEUR,18,137,Wrapper,0xc9d8556645853c465d1d5e7d2c81a0031f0b8a92,,,,,,https://raw.githubusercontent.com/superfluid-finance/assets/master/public/tokens/iballuoeur/icon.svg,supertoken,,,,,,,,
,B,0xc9d8556645853c465d1d5e7d2c81a0031f0b8a92,Interest Bearing Alluo EUR,IbAlluoEUR,18,137,,,,,,,,https://raw.githubusercontent.com/superfluid-finance/assets/master/public/tokens/iballuoeur/icon.svg,underlying,,,,,,,,
,B,0xe1c042c91fa08875323e57978c9b9fb413297cf2,Super IoTeX,IOTXx,18,137,Wrapper,0xf6372cdb9c1d3674e83842e3800f2a62ac9f3c66,,,,,,https://raw.githubusercontent.com/superfluid-finance/assets/master/public/tokens/iotx/icon.svg,supertoken,,,,,,,,
,B,0xf6372cdb9c1d3674e83842e3800f2a62ac9f3c66,IoTeX Network (PoS),IOTX,18,137,,,,,,,,https://raw.githubusercontent.com/superfluid-finance/assets/master/public/tokens/iotx/icon.svg,underlying,,,,,,,,
,B,0xe1ca10e6a10c0f72b74df6b7339912babfb1f8b5,superQI,QIx,18,137,Wrapper,0x580a84c73811e1839f75d86d75d88cca0c241ff4,,,,,,https://raw.githubusercontent.com/superfluid-finance/assets/master/public/tokens/qi/icon.svg,supertoken,,,,,,,,
,B,0x580a84c73811e1839f75d86d75d88cca0c241ff4,Qi Dao,QI,18,137,,,,,,,,https://raw.githubusercontent.com/superfluid-finance/assets/master/public/tokens/qi/icon.svg,underlying,,,,,,,,
,B,0xe2d04ab74eed9627c828b3fc10e5fc96fae70348,Super jCHF,jCHFx,18,137,Wrapper,0xbd1463f02f61676d53fd183c2b19282bff93d099,,,,,,https://raw.githubusercontent.com/superfluid-finance/assets/master/public/tokens/jchf/icon.svg,supertoken,,,,,,,,
,B,0xbd1463f02f61676d53fd183c2b19282bff93d099,Jarvis Synthetic Swiss Franc,jCHF,18,137,,,,,,,,https://raw.githubusercontent.com/superfluid-finance/assets/master/public/tokens/jchf/icon.svg,underlying,,,,,,,,
,B,0xe9e759b969b991f2bfae84308385405b9ab01541,Streaming IbAlluo USD,StIbAlluoUSD,18,137,Wrapper,0xc2dbaaea2efa47ebda3e572aa0e55b742e408bf6,,,,,,https://raw.githubusercontent.com/superfluid-finance/assets/master/public/tokens/iballuousd/icon.svg,supertoken,,,,,,,,
,B,0xc2dbaaea2efa47ebda3e572aa0e55b742e408bf6,Interest Bearing Alluo USD,IbAlluoUSD,18,137,,,,,,,,https://raw.githubusercontent.com/superfluid-finance/assets/master/public/tokens/iballuousd/icon.svg,underlying,,,,,,,,
,B,0xeb5748f9798b11af79f892f344f585e3a88aa784,Super IdleWETH [Best yield],idleWETHx,18,137,Wrapper,0xfda25d931258df948ffecb66b5518299df6527c4,,,,,,https://raw.githubusercontent.com/superfluid-finance/assets/master/public/tokens/idlewethyield/icon.svg,supertoken,,,,,,,,
,B,0xfda25d931258df948ffecb66b5518299df6527c4,IdleWETH [Best yield],idleWETHYield,18,137,,,,,,,,https://raw.githubusercontent.com/superfluid-finance/assets/master/public/tokens/idlewethyield/icon.svg,underlying,,,,,,,,
,B,0xfac83774854237b6e31c4b051b91015e403956d3,Astro Gold,AGOLD,18,137,Wrapper,0xe06bd4f5aac8d0aa337d13ec88db6defc6eaeefe,,,,,,https://raw.githubusercontent.com/superfluid-finance/assets/master/public/tokens/agold/icon.svg,supertoken,,,,,,,,
,B,0xe06bd4f5aac8d0aa337d13ec88db6defc6eaeefe,PlanetIX,IXT,18,137,,,,,,,,https://raw.githubusercontent.com/superfluid-finance/assets/master/public/tokens/agold/icon.svg,underlying,,,,,,,,
,B,0xfbb291570de4b87353b1e0f586df97a1ed856470,Super JPY Coin (PoS),JPYCx,18,137,Wrapper,0x6ae7dfc73e0dde2aa99ac063dcf7e8a63265108c,,,,,,https://raw.githubusercontent.com/superfluid-finance/assets/master/public/tokens/jpyc/icon.svg,supertoken,,,,,,,,
,B,0x6ae7dfc73e0dde2aa99ac063dcf7e8a63265108c,JPY Coin (PoS),JPYC,18,137,,,,,,,,https://raw.githubusercontent.com/superfluid-finance/assets/master/public/tokens/jpyc/icon.svg,underlying,,,,,,,,
,B,0xfd0577c4707367ff9b637f219388919d3be37592,Super Gains Network,GNSx,18,137,Wrapper,0xe5417af564e4bfda1c483642db72007871397896,,,,,,https://raw.githubusercontent.com/superfluid-finance/assets/master/public/tokens/gns/icon.png,supertoken,,,,,,,,
,B,0xe5417af564e4bfda1c483642db72007871397896,Gains Network,GNS,18,137,,,,,,,,https://raw.githubusercontent.com/superfluid-finance/assets/master/public/tokens/gns/icon.png,underlying,,,,,,,,
,B,0x1bd951a9c9a5ec665abef684425f025dc8738cca,Super Seed (PoS),SEEDx,18,137,Wrapper,0xeaecc18198a475c921b24b8a6c1c1f0f5f3f7ea0,,,,,,https://raw.githubusercontent.com/superfluid-finance/assets/master/public/tokens/seed/icon.png,supertoken,,,,,,,,
,B,0xeaecc18198a475c921b24b8a6c1c1f0f5f3f7ea0,Seed (PoS),SEED,18,137,,,,,,,,https://raw.githubusercontent.com/superfluid-finance/assets/master/public/tokens/seed/icon.png,underlying,,,,,,,,
,C,0xa60c5bebccdb9738f63891bbdd7fec3e762f9098,Super JoeToken,JOEx,18,43114,Wrapper,0x6e84a6216ea6dacc71ee8e6b0a5b7322eebc0fdd,,,,,,https://raw.githubusercontent.com/superfluid-finance/assets/master/public/tokens/joe/icon.png,supertoken,,,,,,,,
,C,0x6e84a6216ea6dacc71ee8e6b0a5b7322eebc0fdd,JoeToken,JOE,18,43114,,,,,,,,https://raw.githubusercontent.com/superfluid-finance/assets/master/public/tokens/joe/icon.png,underlying,,,,,,,,
,C,0x00d05eed85bad962ba5237dd4afff12004455a8a,Super fUSDC Fake Token,fUSDCx,18,43113,Wrapper,0x37a024d7f9ea1c7ebb658f5a14caeddd30f212b7,,,,,,https://raw.githubusercontent.com/superfluid-finance/assets/master/public/tokens/usdc/icon.svg,supertoken,,,0x8ae68021f6170e5a766be613cea0d75236ecca9a,0xa4fd433d8c9956e842a78cac26700a07f33f53ff,0x42bb40bf79730451b11f6de1cba222f17b87afd7,0xa4fd433d8c9956e842a78cac26700a07f33f53ff,testnet,
,C,0x37a024d7f9ea1c7ebb658f5a14caeddd30f212b7,fUSDC Fake Token,fUSDC,18,43113,,,,,,,,https://raw.githubusercontent.com/superfluid-finance/assets/master/public/tokens/usdc/icon.svg,underlying,,,,,,,testnet,
,C,0x232a9cf3ded0f9f708099eb0cb8ed56313c02a4b,Super fTUSD Fake Token,fTUSDx,18,43113,Wrapper,0x2616c0ab36cac1e6df7f79ae7c3e297d579fe547,,,,,,https://raw.githubusercontent.com/superfluid-finance/assets/master/public/tokens/tusd/icon.svg,supertoken,,,0x95697ec24439e3eb7ba588c7b279b9b369236941,0x675be78ed16cabe47f6d9f816d615c3d6d740508,0x918e0d5c96cac79674e2d38066651212be3c9c48,0x675be78ed16cabe47f6d9f816d615c3d6d740508,testnet,
,C,0x2616c0ab36cac1e6df7f79ae7c3e297d579fe547,fTUSD Fake Token,fTUSD,18,43113,,,,,,,,https://raw.githubusercontent.com/superfluid-finance/assets/master/public/tokens/tusd/icon.svg,underlying,,,,,,,testnet,
,C,0x24f3631dbbf6880c684c5e59578c21194e285baf,Super fDAI Fake Token,fDAIx,18,43113,Wrapper,0x3b526b50709a5551030673be284bc9c1e38351ac,,,,,,https://raw.githubusercontent.com/superfluid-finance/assets/master/public/tokens/dai/icon.svg,supertoken,,,0xf2d68898557ccb2cf4c10c3ef2b034b2a69dad00,0xac7a5cf2e0a6db31456572871ee33eb6212014a9,0x5d8b4c2554aeb7e86f387b4d6c00ac33499ed01f,0xac7a5cf2e0a6db31456572871ee33eb6212014a9,testnet,
,C,0x3b526b50709a5551030673be284bc9c1e38351ac,fDAI Fake Token,fDAI,18,43113,,,,,,,,https://raw.githubusercontent.com/superfluid-finance/assets/master/public/tokens/dai/icon.svg,underlying,,,,,,,testnet,
,C,0xffd0f6d73ee52c68bf1b01c8afa2529c97ca17f3,Super AVAX,AVAXx,18,43113,Native Asset,,,,,,,https://raw.githubusercontent.com/superfluid-finance/assets/master/public/tokens/avax/icon.svg,supertoken,,,,,,,testnet,0xbe916845d8678b5d2f7ad79525a62d7c08abba7e
,C,0x675be78ed16cabe47f6d9f816d615c3d6d740508,Super fTUSD Fake Token,fTUSDx,18,421611,Wrapper,0x4e89088cd14064f38e5b2f309cfab9c864f9a8e6,,,,,,https://raw.githubusercontent.com/superfluid-finance/assets/master/public/tokens/tusd/icon.svg,supertoken,,0x232a9cf3ded0f9f708099eb0cb8ed56313c02a4b,0x95697ec24439e3eb7ba588c7b279b9b369236941,0x675be78ed16cabe47f6d9f816d615c3d6d740508,0x918e0d5c96cac79674e2d38066651212be3c9c48,,testnet,
,C,0x4e89088cd14064f38e5b2f309cfab9c864f9a8e6,fTUSD Fake Token,fTUSD,18,421611,,,,,,,,https://raw.githubusercontent.com/superfluid-finance/assets/master/public/tokens/tusd/icon.svg,underlying,,,,,,,testnet,
,C,0xa4fd433d8c9956e842a78cac26700a07f33f53ff,Super fUSDC Fake Token,fUSDCx,18,421611,Wrapper,0xc67a95df1fc3cbeff3be969db36a73d5259b7654,,,,,,https://raw.githubusercontent.com/superfluid-finance/assets/master/public/tokens/usdc/icon.svg,supertoken,,0x00d05eed85bad962ba5237dd4afff12004455a8a,0x8ae68021f6170e5a766be613cea0d75236ecca9a,0xa4fd433d8c9956e842a78cac26700a07f33f53ff,0x42bb40bf79730451b11f6de1cba222f17b87afd7,,testnet,
,C,0xc67a95df1fc3cbeff3be969db36a73d5259b7654,fUSDC Fake Token,fUSDC,18,421611,,,,,,,,https://raw.githubusercontent.com/superfluid-finance/assets/master/public/tokens/usdc/icon.svg,underlying,,,,,,,testnet,
,C,0xac7a5cf2e0a6db31456572871ee33eb6212014a9,Super fDAI Fake Token,fDAIx,18,421611,Wrapper,0xd0de1486f69495d49c02d8f541b7dadf9cf5cd91,,,,,,https://raw.githubusercontent.com/superfluid-finance/assets/master/public/tokens/dai/icon.svg,supertoken,,0x24f3631dbbf6880c684c5e59578c21194e285baf,0xf2d68898557ccb2cf4c10c3ef2b034b2a69dad00,0xac7a5cf2e0a6db31456572871ee33eb6212014a9,0x5d8b4c2554aeb7e86f387b4d6c00ac33499ed01f,,testnet,
,C,0xd0de1486f69495d49c02d8f541b7dadf9cf5cd91,fDAI Fake Token,fDAI,18,421611,,,,,,,,https://raw.githubusercontent.com/superfluid-finance/assets/master/public/tokens/dai/icon.svg,underlying,,,,,,,testnet,
,C,0xe01f8743677da897f4e7de9073b57bf034fc2433,Super ETH,ETHx,18,421611,Native Asset,,0xc22bea0be9872d8b7b3933cec70ece4d53a900da,0x4ac8bd1bdae47beef2d1c6aa62229509b962aa0d,0x9757d68a4273635c69d93b84ee3cdac2304dd467,0x27e1e4e6bc79d93032abef01025811b7e4727e85,0xe6c8d111337d0052b9d88bf5d7d55b7f8385acd3,https://raw.githubusercontent.com/superfluid-finance/assets/master/public/tokens/eth/icon.svg,supertoken,,,0x5943f705abb6834cad767e6e4bb258bc48d9c947,0xe01f8743677da897f4e7de9073b57bf034fc2433,,,testnet,
,C,0x0be89e17787c0ae021b5e4f84ae8444f900dd92c,Super TDL Fake Token,TDLx,18,5,Wrapper,0xea613e86842a6bbe2a7de22e1601af550bf3c372,,,0x66e454105ae553cfa87ad4dc4cdf128c841fcd73,0xa794221d92d77490ff319e95da1461bdf2bd3953,,https://raw.githubusercontent.com/superfluid-finance/assets/master/public/tokens/tdl/icon.svg,supertoken,,,,,,,testnet,
,C,0xea613e86842a6bbe2a7de22e1601af550bf3c372,TDL Fake Token,TDL,18,5,,,,,,,,https://raw.githubusercontent.com/superfluid-finance/assets/master/public/tokens/tdl/icon.svg,underlying,,,,,,,testnet,
,C,0x5943f705abb6834cad767e6e4bb258bc48d9c947,Super ETH,ETHx,18,5,Native Asset,,0xc22bea0be9872d8b7b3933cec70ece4d53a900da,0x4ac8bd1bdae47beef2d1c6aa62229509b962aa0d,0x9757d68a4273635c69d93b84ee3cdac2304dd467,0x27e1e4e6bc79d93032abef01025811b7e4727e85,0xe6c8d111337d0052b9d88bf5d7d55b7f8385acd3,https://raw.githubusercontent.com/superfluid-finance/assets/master/public/tokens/eth/icon.svg,supertoken,,,,0xe01f8743677da897f4e7de9073b57bf034fc2433,,0xe01f8743677da897f4e7de9073b57bf034fc2433,testnet,
,C,0x7d3e32ae08f50387a83cf222e08d8ec26317d7aa,Zaya Token,ZYA,18,5,Pure,,,,,,,https://raw.githubusercontent.com/superfluid-finance/assets/master/public/tokens/zaya/icon.svg,supertoken,,,,,,,testnet,
,C,0x8ae68021f6170e5a766be613cea0d75236ecca9a,Super fUSDC Fake Token,fUSDCx,18,5,Wrapper,0xc94dd466416a7dfe166ab2cf916d3875c049ebb7,,,,,,https://raw.githubusercontent.com/superfluid-finance/assets/master/public/tokens/usdc/icon.svg,supertoken,,0x00d05eed85bad962ba5237dd4afff12004455a8a,,0xa4fd433d8c9956e842a78cac26700a07f33f53ff,0x42bb40bf79730451b11f6de1cba222f17b87afd7,0xa4fd433d8c9956e842a78cac26700a07f33f53ff,testnet,
,C,0xc94dd466416a7dfe166ab2cf916d3875c049ebb7,fUSDC Fake Token,fUSDC,18,5,,,,,,,,https://raw.githubusercontent.com/superfluid-finance/assets/master/public/tokens/usdc/icon.svg,underlying,,,,,,,testnet,
,C,0x95697ec24439e3eb7ba588c7b279b9b369236941,Super fTUSD Fake Token,fTUSDx,18,5,Wrapper,0x53d00397f03147a9bd9c40443a105a82780deaf1,,,,,,https://raw.githubusercontent.com/superfluid-finance/assets/master/public/tokens/tusd/icon.svg,supertoken,,0x232a9cf3ded0f9f708099eb0cb8ed56313c02a4b,,0x675be78ed16cabe47f6d9f816d615c3d6d740508,0x918e0d5c96cac79674e2d38066651212be3c9c48,0x675be78ed16cabe47f6d9f816d615c3d6d740508,testnet,
,C,0x53d00397f03147a9bd9c40443a105a82780deaf1,fTUSD Fake Token,fTUSD,18,5,,,,,,,,https://raw.githubusercontent.com/superfluid-finance/assets/master/public/tokens/tusd/icon.svg,underlying,,,,,,,testnet,
,C,0xcc48a0349077b91ab540d2e46addffb4a4a26251,NTDL,NTDL,18,5,Pure,,,,0x60fdb4d22e793353d98324d824034d66827f602e,0xd735b487b9018eeada2cc0464db02aa4b90ca711,,https://raw.githubusercontent.com/superfluid-finance/assets/master/public/tokens/ntdl/icon.svg,supertoken,,,,,0x74950bcbb141ae70b8959fc06a65ac2601cf7801,,testnet,
,C,0xf2d68898557ccb2cf4c10c3ef2b034b2a69dad00,Super fDAI Fake Token,fDAIx,18,5,Wrapper,0x88271d333c72e51516b67f5567c728e702b3eee8,,,,,,https://raw.githubusercontent.com/superfluid-finance/assets/master/public/tokens/dai/icon.svg,supertoken,,0x24f3631dbbf6880c684c5e59578c21194e285baf,,0xac7a5cf2e0a6db31456572871ee33eb6212014a9,0x5d8b4c2554aeb7e86f387b4d6c00ac33499ed01f,0xac7a5cf2e0a6db31456572871ee33eb6212014a9,testnet,
,C,0x88271d333c72e51516b67f5567c728e702b3eee8,fDAI Fake Token,fDAI,18,5,,,,,,,,https://raw.githubusercontent.com/superfluid-finance/assets/master/public/tokens/dai/icon.svg,underlying,,,,,,,testnet,
,C,0x4632c3cf0da61db0e561deac37acf93a9ebfe789,Smile Super Token,SMILE,18,5,Pure,,,,,,,https://raw.githubusercontent.com/superfluid-finance/assets/master/public/tokens/smile/icon.svg,supertoken,,,,,,,testnet,
,C,0xdd610f0e0e29a33168d43e96399a638df86b9c43,Super FUND (Goerli),FUNDx,18,5,Wrapper,0x30f29c05ae2e2243034ba28a1ac3bc3d807920bc,,,,,,https://raw.githubusercontent.com/superfluid-finance/assets/master/public/tokens/fund/icon.svg,supertoken,,,,,,,testnet,
,C,0x30f29c05ae2e2243034ba28a1ac3bc3d807920bc,FUND (Goerli),FUND,9,5,,,,,,,,https://raw.githubusercontent.com/superfluid-finance/assets/master/public/tokens/fund/icon.svg,underlying,,,,,,,testnet,
,C,0x263647097a185ee0a9ded3e3e46d7eb931c23dda,Super Peerion,IONx,18,100,Wrapper,0xfa9454bbba1ddf83747bdc42bea8641475753c42,,,,,,,supertoken,,,,,,,,
,C,0xfa9454bbba1ddf83747bdc42bea8641475753c42,Peerion,ION,18,100,,,,,,,,,underlying,,,,,,,,
,C,0x60fdb4d22e793353d98324d824034d66827f602e,NTDL,NTDL,18,100,Pure,,,,,0xd735b487b9018eeada2cc0464db02aa4b90ca711,,https://raw.githubusercontent.com/superfluid-finance/assets/master/public/tokens/ntdl/icon.svg,supertoken,,,0xcc48a0349077b91ab540d2e46addffb4a4a26251,,0x74950bcbb141ae70b8959fc06a65ac2601cf7801,,,
,C,0x6689a8f4fdad6712888682c9ce81b26762389f40,Commons WORK,WORK,18,100,Wrapper,0x9c940356f5846eceff282d3ee8b33015d93502a9,,,,,,https://raw.githubusercontent.com/superfluid-finance/assets/master/public/tokens/work/icon.png,supertoken,,,,,,,,
,C,0x9c940356f5846eceff282d3ee8b33015d93502a9,Commons protoWORK on xDai,protoWORK,18,100,,,,,,,,https://raw.githubusercontent.com/superfluid-finance/assets/master/public/tokens/work/icon.png,underlying,,,,,,,,
,C,0x66e454105ae553cfa87ad4dc4cdf128c841fcd73,TDLx,TDLx,18,100,Wrapper,0xcd1f2f1a1d1ba631a06b957db77bb9d7b13bf861,,,,0xa794221d92d77490ff319e95da1461bdf2bd3953,,https://raw.githubusercontent.com/superfluid-finance/assets/master/public/tokens/tdl/icon.svg,supertoken,,,0x0be89e17787c0ae021b5e4f84ae8444f900dd92c,,,,,
,C,0xcd1f2f1a1d1ba631a06b957db77bb9d7b13bf861,TDL Fake Token,TDL,18,100,,,,,,,,https://raw.githubusercontent.com/superfluid-finance/assets/master/public/tokens/tdl/icon.svg,underlying,,,,,,,,
,C,0x7aeca73f38f8f33ab7ff067fed1268384d12324d,Super Bright,Brightx,18,100,Wrapper,0x83ff60e2f93f8edd0637ef669c69d5fb4f64ca8e,,,,,,https://raw.githubusercontent.com/superfluid-finance/assets/master/public/tokens/bright/icon.svg,supertoken,,,,,,,,
,C,0x83ff60e2f93f8edd0637ef669c69d5fb4f64ca8e,Bright on xDai,BRIGHT,18,100,,,,,,,,https://raw.githubusercontent.com/superfluid-finance/assets/master/public/tokens/bright/icon.svg,underlying,,,,,,,,
,C,0x7c78aa599bbaea6e8784880173eb74b2f9c46025,Super STREETBASED Community Token,SBCx,18,100,Wrapper,0x3b6a1b76d772a771bf3fce802bead6ff196b84d5,,,,,,https://raw.githubusercontent.com/superfluid-finance/assets/master/public/tokens/sbc/icon.png,supertoken,,,,,,,,
,C,0x3b6a1b76d772a771bf3fce802bead6ff196b84d5,STREETBASED Community Token,SBC,18,100,,,,,,,,https://raw.githubusercontent.com/superfluid-finance/assets/master/public/tokens/sbc/icon.png,underlying,,,,,,,,
,C,0x83ccc929c1131d2d18b001c05cfeed9f3364a506,SuperSAVE,SAVEx,18,100,Wrapper,0x338d4527c9e7f7316c43581684bc510b851f832a,,,,,,,supertoken,,,,,,,,
,C,0x338d4527c9e7f7316c43581684bc510b851f832a,Save Coin from Mainnet,SAVE,18,100,,,,,,,,,underlying,,,,,,,,
,C,0xa025df2bf4ff47ec458ab41e89d3a9538a768ea9,Super WORKtest,WORKtx,18,100,Wrapper,0xc8992645d060703fb1582c422c96e16941c7eb14,,,,,,https://raw.githubusercontent.com/superfluid-finance/assets/master/public/tokens/workt/icon.svg,supertoken,,,,,,,,
,C,0xc8992645d060703fb1582c422c96e16941c7eb14,Commons Work Test,WORKt,18,100,,,,,,,,https://raw.githubusercontent.com/superfluid-finance/assets/master/public/tokens/workt/icon.svg,underlying,,,,,,,,
,C,0xa94c0e84b8f27deb34f50001d47d870b67e47466,superAC,ACx,18,100,Wrapper,0x5f1f81de1d21b97a5d0d5d62d89bde9ddec27325,,,,,,,supertoken,,,,,,,,
,C,0x5f1f81de1d21b97a5d0d5d62d89bde9ddec27325,Adept Coin Governance on xDai,AC,18,100,,,,,,,,,underlying,,,,,,,,
,C,0xe83fd17028c2dd3ca4a9b75f2836d4558fe00686,HAUSx,HAUSx,18,100,Wrapper,0xb0c5f3100a4d9d9532a4cfd68c55f1ae8da987eb,,,,,,https://raw.githubusercontent.com/superfluid-finance/assets/master/public/tokens/haus/icon.svg,supertoken,,,,,,,,
,C,0xb0c5f3100a4d9d9532a4cfd68c55f1ae8da987eb,DAOhaus Token on xDai,HAUS,18,100,,,,,,,,https://raw.githubusercontent.com/superfluid-finance/assets/master/public/tokens/haus/icon.svg,underlying,,,,,,,,
,C,0xbd80cfa9d93a87d1bb895f810ea348e496611cd4,Own a fraction,FRACTION,18,10,Pure,,,,0x2bf2ba13735160624a0feae98f6ac8f70885ea61,0xbd80cfa9d93a87d1bb895f810ea348e496611cd4,0x2bf2ba13735160624a0feae98f6ac8f70885ea61,https://raw.githubusercontent.com/superfluid-finance/assets/master/public/tokens/fraction/icon.svg,supertoken,0xbd80cfa9d93a87d1bb895f810ea348e496611cd4,,,,,,,0xbd80cfa9d93a87d1bb895f810ea348e496611cd4
,C,0xd782ac4ee247e0986522ca05c08cda330dfc14c4,Bogotix,BGX,18,10,Pure,,,,,,,,supertoken,,,,,,,,
,C,0x675be78ed16cabe47f6d9f816d615c3d6d740508,Super fTUSD Fake Token,fTUSDx,18,69,Wrapper,0x4e89088cd14064f38e5b2f309cfab9c864f9a8e6,,,,,,https://raw.githubusercontent.com/superfluid-finance/assets/master/public/tokens/tusd/icon.svg,supertoken,,0x232a9cf3ded0f9f708099eb0cb8ed56313c02a4b,0x95697ec24439e3eb7ba588c7b279b9b369236941,,0x918e0d5c96cac79674e2d38066651212be3c9c48,0x675be78ed16cabe47f6d9f816d615c3d6d740508,testnet,
,C,0x4e89088cd14064f38e5b2f309cfab9c864f9a8e6,fTUSD Fake Token,fTUSD,18,69,,,,,,,,https://raw.githubusercontent.com/superfluid-finance/assets/master/public/tokens/tusd/icon.svg,underlying,,,,,,,testnet,
,C,0xa4fd433d8c9956e842a78cac26700a07f33f53ff,Super fUSDC Fake Token,fUSDCx,18,69,Wrapper,0xc67a95df1fc3cbeff3be969db36a73d5259b7654,,,,,,https://raw.githubusercontent.com/superfluid-finance/assets/master/public/tokens/usdc/icon.svg,supertoken,,0x00d05eed85bad962ba5237dd4afff12004455a8a,0x8ae68021f6170e5a766be613cea0d75236ecca9a,,0x42bb40bf79730451b11f6de1cba222f17b87afd7,0xa4fd433d8c9956e842a78cac26700a07f33f53ff,testnet,
,C,0xc67a95df1fc3cbeff3be969db36a73d5259b7654,fUSDC Fake Token,fUSDC,18,69,,,,,,,,https://raw.githubusercontent.com/superfluid-finance/assets/master/public/tokens/usdc/icon.svg,underlying,,,,,,,testnet,
,C,0xac7a5cf2e0a6db31456572871ee33eb6212014a9,Super fDAI Fake Token,fDAIx,18,69,Wrapper,0xd0de1486f69495d49c02d8f541b7dadf9cf5cd91,,,,,,https://raw.githubusercontent.com/superfluid-finance/assets/master/public/tokens/dai/icon.svg,supertoken,,0x24f3631dbbf6880c684c5e59578c21194e285baf,0xf2d68898557ccb2cf4c10c3ef2b034b2a69dad00,,0x5d8b4c2554aeb7e86f387b4d6c00ac33499ed01f,0xac7a5cf2e0a6db31456572871ee33eb6212014a9,testnet,
,C,0xd0de1486f69495d49c02d8f541b7dadf9cf5cd91,fDAI Fake Token,fDAI,18,69,,,,,,,,https://raw.githubusercontent.com/superfluid-finance/assets/master/public/tokens/dai/icon.svg,underlying,,,,,,,testnet,
,C,0xe01f8743677da897f4e7de9073b57bf034fc2433,Super ETH,ETHx,18,69,Native Asset,,0xc22bea0be9872d8b7b3933cec70ece4d53a900da,0x4ac8bd1bdae47beef2d1c6aa62229509b962aa0d,0x9757d68a4273635c69d93b84ee3cdac2304dd467,0x27e1e4e6bc79d93032abef01025811b7e4727e85,0xe6c8d111337d0052b9d88bf5d7d55b7f8385acd3,https://raw.githubusercontent.com/superfluid-finance/assets/master/public/tokens/eth/icon.svg,supertoken,,,0x5943f705abb6834cad767e6e4bb258bc48d9c947,,,0xe01f8743677da897f4e7de9073b57bf034fc2433,testnet,
,C,0x00f22a2b5c40ce03fa4c96ba97605e5a40cc97d4,CRE8R DAO,xCRE8R,18,137,Wrapper,0x079202ad852ccc46d8e73815f10ff055049d3916,,,,,,https://raw.githubusercontent.com/superfluid-finance/assets/master/public/tokens/xcre8r/icon.svg,supertoken,,,,,,,,
,C,0x079202ad852ccc46d8e73815f10ff055049d3916,CRE8R DAO (PoS),CRE8R,18,137,,,,,,,,https://raw.githubusercontent.com/superfluid-finance/assets/master/public/tokens/xcre8r/icon.svg,underlying,,,,,,,,
,C,0x0b524b829d243df5f70c81aa9f95e32851a57902,Super BetProtocolToken (PoS),BEPROx,18,137,Wrapper,0x07cc1cc3628cc1615120df781ef9fc8ec2feae09,,,,,,https://raw.githubusercontent.com/superfluid-finance/assets/master/public/tokens/bepro/icon.png,supertoken,,,,,,,,
,C,0x07cc1cc3628cc1615120df781ef9fc8ec2feae09,BetProtocolToken (PoS),BEPRO,18,137,,,,,,,,https://raw.githubusercontent.com/superfluid-finance/assets/master/public/tokens/bepro/icon.png,underlying,,,,,,,,
,C,0x1963e341ff5a75c41ca5ac400c828e636b70546e,DallorX,DUSx,18,137,Wrapper,0x867d46fd484358a6f25655a705aa6ad804e6c6eb,,,,,,https://raw.githubusercontent.com/superfluid-finance/assets/master/public/tokens/dus/icon.svg,supertoken,,,,,,,,
,C,0x867d46fd484358a6f25655a705aa6ad804e6c6eb,Dallor,DUS,18,137,,,,,,,,https://raw.githubusercontent.com/superfluid-finance/assets/master/public/tokens/dus/icon.svg,underlying,,,,,,,,
,C,0x19ca69c66768b487d28226c0a60ab2b2aa8e5c5c,REX Shirt 2023,rexSHIRT,18,137,Pure,,,,,,,https://raw.githubusercontent.com/superfluid-finance/assets/master/public/tokens/rexshirt/icon.svg,supertoken,,,,,,,,
,C,0x2e12d38c6aa87cb68ce96c044b9a68dd98233ceb,Super Dbeats Token,DBEATx,18,137,Wrapper,0x92e918ea7aa872f91bf7ec9bcd248a5920c9f3cb,,,,,,https://raw.githubusercontent.com/superfluid-finance/assets/master/public/tokens/dbeat/icon.svg,supertoken,,,,,,,,
,C,0x92e918ea7aa872f91bf7ec9bcd248a5920c9f3cb,Dbeats Token,DBEAT,18,137,,,,,,,,https://raw.githubusercontent.com/superfluid-finance/assets/master/public/tokens/dbeat/icon.svg,underlying,,,,,,,,
,C,0x3862c15cdc4c38517aa4c6f94197a93253502168,Super Sunny Jaycer Token,SUNNYx,18,137,Wrapper,0xd1d410db734d634414594898b39608b27f166aab,,,,,,https://raw.githubusercontent.com/superfluid-finance/assets/master/public/tokens/sunny/icon.svg,supertoken,,,,,,,,
,C,0xd1d410db734d634414594898b39608b27f166aab,Sunny Jaycer Token,SUNNY,18,137,,,,,,,,https://raw.githubusercontent.com/superfluid-finance/assets/master/public/tokens/sunny/icon.svg,underlying,,,,,,,,
,C,0x3d9cc088bd9357e5941b68d26d6d09254a69949d,Super MTA,MTAx,18,137,Wrapper,0xf501dd45a1198c2e1b5aef5314a68b9006d842e0,,,,,,https://raw.githubusercontent.com/superfluid-finance/assets/master/public/tokens/mta/icon.png,supertoken,,,,,,,,
,C,0xf501dd45a1198c2e1b5aef5314a68b9006d842e0,Meta (PoS),MTA,18,137,,,,,,,,https://raw.githubusercontent.com/superfluid-finance/assets/master/public/tokens/mta/icon.png,underlying,,,,,,,,
,C,0x513412fcd5e0da4bed9102017164b84c06e557d4,Super Dood,Doodx,18,137,Wrapper,0x8c36336211916c58860f1edf20b0f50ea66d8bd5,,,,,,https://raw.githubusercontent.com/superfluid-finance/assets/master/public/tokens/dood/icon.png,supertoken,,,,,,,,
,C,0x8c36336211916c58860f1edf20b0f50ea66d8bd5,Doodle 4081,Dood,18,137,,,,,,,,https://raw.githubusercontent.com/superfluid-finance/assets/master/public/tokens/dood/icon.png,underlying,,,,,,,,
,C,0x61a7b6f0a7737d9bd38fdeaf1d4160e16bf23043,SuperWork,WORKx,18,137,Wrapper,0x6002410dda2fb88b4d0dc3c1d562f7761191ea80,,,,,,https://raw.githubusercontent.com/superfluid-finance/assets/master/public/tokens/work/icon.png,supertoken,,,,,,,,
,C,0x6002410dda2fb88b4d0dc3c1d562f7761191ea80,The Employment Commons Work Token (PoS),WORK,18,137,,,,,0x6689a8f4fdad6712888682c9ce81b26762389f40,,,https://raw.githubusercontent.com/superfluid-finance/assets/master/public/tokens/work/icon.png,supertoken,,,,,,,,
,C,0x76220628fc2847c41b14967a75f3093f6e56998a,Super Dog Biscuits,BSCTx,18,137,Wrapper,0x600e5f4920f90132725b43412d47a76bc2219f92,,,,,,https://raw.githubusercontent.com/superfluid-finance/assets/master/public/tokens/bsct/icon.svg,supertoken,,,,,,,,
,C,0x600e5f4920f90132725b43412d47a76bc2219f92,Dog Biscuits,BSCT,18,137,,,,,,,,https://raw.githubusercontent.com/superfluid-finance/assets/master/public/tokens/bsct/icon.svg,underlying,,,,,,,,
,C,0xa6810e06fb8c93b2c53c0d6415c885719cba6eb5,Super KHIZA,KHIZAx,18,137,Wrapper,0x25856d46748ee959f99a0fbbb5312c73473cb533,,,,,,,supertoken,,,,,,,,
,C,0x25856d46748ee959f99a0fbbb5312c73473cb533,Khiza DAO,KHIZA,18,137,,,,,,,,,underlying,,,,,,,,
,C,0xa794221d92d77490ff319e95da1461bdf2bd3953,TDLx,TDLx,18,137,Wrapper,0xcd1f2f1a1d1ba631a06b957db77bb9d7b13bf861,,,0x66e454105ae553cfa87ad4dc4cdf128c841fcd73,,,https://raw.githubusercontent.com/superfluid-finance/assets/master/public/tokens/tdl/icon.svg,supertoken,,,0x0be89e17787c0ae021b5e4f84ae8444f900dd92c,,,,,
,C,0xcd1f2f1a1d1ba631a06b957db77bb9d7b13bf861,TDL Fake Token,TDL,18,137,,,,,,,,https://raw.githubusercontent.com/superfluid-finance/assets/master/public/tokens/tdl/icon.svg,underlying,,,,,,,,
,C,0xaff1ce7832a1c7655803533dab391920cafe467f,Super FLOAT,FLOATx,18,137,Wrapper,0xf0ae1efde60bab0a830673747138f12367858e8d,,,,,,https://raw.githubusercontent.com/superfluid-finance/assets/master/public/tokens/float/icon.svg,supertoken,,,,,,,,
,C,0xf0ae1efde60bab0a830673747138f12367858e8d,Float Protocol: FLOAT (PoS),FLOAT,18,137,,,,,,,,https://raw.githubusercontent.com/superfluid-finance/assets/master/public/tokens/float/icon.svg,underlying,,,,,,,,
,C,0xb7d60973cc27324dcae837d89d7bd9c5f15e3833,Super Slatan ROTI Token,ROTIx,18,137,Wrapper,0x13b4bd4c0719f9f46df35bfc234213b4df6e9b7c,,,,,,,supertoken,,,,,,,,
,C,0x13b4bd4c0719f9f46df35bfc234213b4df6e9b7c,Slatan ROTI Token,ROTI,18,137,,,,,,,,,underlying,,,,,,,,
,C,0xc49c15350f001efee91e154f03bddf38cfd0d96e,Super Adept Camp Doge Coin,ACDCx,18,137,Wrapper,0x1f02ec2dd0ff3e31ca893aec6c3585fe88243df3,,,,,,https://raw.githubusercontent.com/superfluid-finance/assets/master/public/tokens/acdc/icon.svg,supertoken,,,,,,,,
,C,0x1f02ec2dd0ff3e31ca893aec6c3585fe88243df3,Adept Camp Doge Coin,ACDC,18,137,,,,,,,,https://raw.githubusercontent.com/superfluid-finance/assets/master/public/tokens/acdc/icon.svg,underlying,,,,,,,,
,C,0xd735b487b9018eeada2cc0464db02aa4b90ca711,NTDL,NTDL,18,137,Pure,,,,0x60fdb4d22e793353d98324d824034d66827f602e,,,https://raw.githubusercontent.com/superfluid-finance/assets/master/public/tokens/ntdl/icon.svg,supertoken,,,0xcc48a0349077b91ab540d2e46addffb4a4a26251,,0x74950bcbb141ae70b8959fc06a65ac2601cf7801,,,
,C,0xd89c35b586eadfbde1a3b2d36fb5746c6d3601bc,Super Metavault Trade Token,MVXx,18,137,Wrapper,0x2760e46d9bb43dafcbecaad1f64b93207f9f0ed7,,,,,,https://raw.githubusercontent.com/superfluid-finance/assets/master/public/tokens/mvx/icon.png,supertoken,,,,,,,,
,C,0x2760e46d9bb43dafcbecaad1f64b93207f9f0ed7,Metavault Trade,MVX,18,137,,,,,,,,https://raw.githubusercontent.com/superfluid-finance/assets/master/public/tokens/mvx/icon.png,underlying,,,,,,,,
,C,0xe88f7c019dd3feb5e738681730fb150e62814670,Super CREEKS,CRKx,18,137,Wrapper,0xf122a63f9fd807fa28a3495ad822ad84c934793d,,,,,,https://raw.githubusercontent.com/superfluid-finance/assets/master/public/tokens/crk/icon.svg,supertoken,,,,,,,,
,C,0xf122a63f9fd807fa28a3495ad822ad84c934793d,CREEKS,CRK,18,137,,,,,,,,https://raw.githubusercontent.com/superfluid-finance/assets/master/public/tokens/crk/icon.svg,underlying,,,,,,,,
,C,0xe91d640fcaea9602cf94c0d48a251a7f6d946953,REX Hat 2023,rexHAT,18,137,Pure,,,,,,,https://raw.githubusercontent.com/superfluid-finance/assets/master/public/tokens/rexhat/icon.svg,supertoken,,,,,,,,
,C,0x42bb40bf79730451b11f6de1cba222f17b87afd7,Super fUSDC Fake Token,fUSDCx,18,80001,Wrapper,0xbe49ac1eadac65dccf204d4df81d650b50122ab2,,,,,,https://raw.githubusercontent.com/superfluid-finance/assets/master/public/tokens/usdc/icon.svg,supertoken,,0x00d05eed85bad962ba5237dd4afff12004455a8a,0x8ae68021f6170e5a766be613cea0d75236ecca9a,0xa4fd433d8c9956e842a78cac26700a07f33f53ff,,0xa4fd433d8c9956e842a78cac26700a07f33f53ff,testnet,
,C,0xbe49ac1eadac65dccf204d4df81d650b50122ab2,fUSDC Fake Token,fUSDC,18,80001,,,,,,,,https://raw.githubusercontent.com/superfluid-finance/assets/master/public/tokens/usdc/icon.svg,underlying,,,,,,,testnet,
,C,0x5d8b4c2554aeb7e86f387b4d6c00ac33499ed01f,Super fDAI Fake Token,fDAIx,18,80001,Wrapper,0x15f0ca26781c3852f8166ed2ebce5d18265cceb7,,,,,,https://raw.githubusercontent.com/superfluid-finance/assets/master/public/tokens/dai/icon.svg,supertoken,,0x24f3631dbbf6880c684c5e59578c21194e285baf,0xf2d68898557ccb2cf4c10c3ef2b034b2a69dad00,0xac7a5cf2e0a6db31456572871ee33eb6212014a9,,0xac7a5cf2e0a6db31456572871ee33eb6212014a9,testnet,
,C,0x15f0ca26781c3852f8166ed2ebce5d18265cceb7,fDAI Fake Token,fDAI,18,80001,,,,,,,,https://raw.githubusercontent.com/superfluid-finance/assets/master/public/tokens/dai/icon.svg,underlying,,,,,,,testnet,
,C,0x6c357412329f9a3ee07017be93ed0ac551faa77b,Army,ARMY,18,80001,Pure,,,,,,,,supertoken,,,,,,,testnet,
,C,0x74950bcbb141ae70b8959fc06a65ac2601cf7801,NTDL,NTDL,18,80001,Pure,,,,0x60fdb4d22e793353d98324d824034d66827f602e,0xd735b487b9018eeada2cc0464db02aa4b90ca711,,https://raw.githubusercontent.com/superfluid-finance/assets/master/public/tokens/ntdl/icon.svg,supertoken,,,0xcc48a0349077b91ab540d2e46addffb4a4a26251,,,,testnet,
,C,0x918e0d5c96cac79674e2d38066651212be3c9c48,Super fTUSD Fake Token,fTUSDx,18,80001,Wrapper,0xa794c9ee519fd31bbce643e8d8138f735e97d1db,,,,,,https://raw.githubusercontent.com/superfluid-finance/assets/master/public/tokens/tusd/icon.svg,supertoken,,0x232a9cf3ded0f9f708099eb0cb8ed56313c02a4b,0x95697ec24439e3eb7ba588c7b279b9b369236941,0x675be78ed16cabe47f6d9f816d615c3d6d740508,,0x675be78ed16cabe47f6d9f816d615c3d6d740508,testnet,
,C,0xa794c9ee519fd31bbce643e8d8138f735e97d1db,fTUSD Fake Token,fTUSD,18,80001,,,,,,,,https://raw.githubusercontent.com/superfluid-finance/assets/master/public/tokens/tusd/icon.svg,underlying,,,,,,,testnet,
,C,0x96b82b65acf7072efeb00502f45757f254c2a0d4,Super MATIC,MATICx,18,80001,Native Asset,,,,,0x3ad736904e9e65189c3000c7dd2c8ac8bb7cd4e3,,https://raw.githubusercontent.com/superfluid-finance/assets/master/public/tokens/matic/icon.svg,supertoken,,,,,,,testnet,
,C,0x9b5475182c65b88dbc5f452204d181e1ae919a1d,Super Monerium EUR emoney (EURe),EURex,18,80001,Wrapper,0xcf487efd00b70eac8c28c654356fb0e387e66d62,,,,0x72a9bae5ce6de9816aadcbc24daa09f5d169a980,,https://raw.githubusercontent.com/superfluid-finance/assets/master/public/tokens/eure/icon.svg,supertoken,,,,,,,testnet,
,C,0xcf487efd00b70eac8c28c654356fb0e387e66d62,Monerium EUR emoney,EURe,18,80001,,,,,,,,https://raw.githubusercontent.com/superfluid-finance/assets/master/public/tokens/eure/icon.svg,underlying,,,,,,,testnet,
,C,0xb891d8559feb358f4651745aaabfe97067b3bf81,Cash,CASH,18,80001,Pure,,,,,,,,supertoken,,,,,,,testnet,
,C,0x9acb4aff21c88ec743aade1f2a6c5fa623e675c2,Super Fichita,FICHx,18,80001,Wrapper,0xe1f67d2683a3ea352047dc2c71c3ec6b1f7bd4bf,,,,,,https://raw.githubusercontent.com/superfluid-finance/assets/master/public/tokens/fich/icon.svg,supertoken,,,,,,,testnet,
,C,0xe1f67d2683a3ea352047dc2c71c3ec6b1f7bd4bf,Fichita,FICH,18,80001,,,,,,,,https://raw.githubusercontent.com/superfluid-finance/assets/master/public/tokens/fich/icon.svg,underlying,,,,,,,testnet,